order_id,order_date,customer_id,product_id,quantity,unit_price,discount,status
ORD-10001,28-06-2023,CUST-1282,PROD-020,3,470.87,0.15,Completed
ORD-10002,09-04-2024,CUST-1190,PROD-010,2,2927.1,0,Completed
ORD-10003,04-01-2023,CUST-1332,PROD-007,2,763.55,0,Completed
ORD-10004,05/12/2023,CUST-1366,PROD-008,3,1829.77,0.2,Completed
ORD-10005,07/01/2024,CUST-1084,PROD-019,3,-999,0.15,Completed
ORD-10006,24-02-2024,CUST-1192,PROD-011,1,2458.38,0,Completed
ORD-10007,14-02-2023,CUST-1361,PROD-003,4,1666.11,0,Completed
ORD-10008,10-01-2023,CUST-1187,PROD-012,1,893.62,0.2,Completed
ORD-10009,09/28/2024,CUST-1338,PROD-023,3,1647.34,0.2,Completed
ORD-10010,2023-08-20,CUST-1230,PROD-007,4,767.53,0,Cancelled
ORD-10011,10/22/2023,CUST-1030,PROD-009,1,431.25,0.05,Completed
ORD-10012,02/03/2024,CUST-1030,PROD-007,3,798.87,0.2,Completed
ORD-10013,2024-04-07,CUST-1035,PROD-022,2,348.0,0.15,Completed
ORD-10014,30-10-2023,CUST-1134,PROD-015,4,7056.99,0.1,Completed
ORD-10015,2024-04-17,CUST-1284,PROD-025,,908.3,0.05,Completed
ORD-10016,01/28/2023,CUST-1126,PROD-007,3,770.45,0.1,Completed
ORD-10017,08/20/2024,CUST-1038,PROD-020,4,438.33,0,Completed
ORD-10018,04/15/2023,CUST-1242,PROD-012,4,890.47,0.1,Completed
ORD-10019,08-02-2023,CUST-1155,PROD-005,1,5003.16,0,Completed
ORD-10020,03/25/2023,CUST-1239,PROD-002,2,305.3,0,Completed
ORD-10021,08/08/2024,CUST-1096,PROD-007,3,799.02,0,Completed
ORD-10022,16-03-2023,CUST-1230,PROD-018,2,621.44,0,Completed
ORD-10023,2023-05-30,CUST-1121,PROD-002,1,299.42,0,Cancelled
ORD-10024,04/01/2024,CUST-1147,PROD-014,1,619.27,0,Completed
ORD-10025,02/05/2024,CUST-1023,PROD-021,4,782.89,0.2,Completed
ORD-10026,15-05-2023,CUST-1181,PROD-002,3,295.27,0,Completed
ORD-10027,08/10/2023,CUST-1070,PROD-010,2,2831.72,0.1,Completed
ORD-10028,05/14/2023,CUST-1261,PROD-004,2,894.05,0,Completed
ORD-10029,2023-03-21,CUST-1395,PROD-015,4,-999,0,Completed
ORD-10030,27-05-2023,CUST-1330,PROD-010,2,2907.43,0,Completed
ORD-10031,21-12-2023,CUST-1387,PROD-023,4,1523.62,0.05,Completed
ORD-10032,07-06-2024,CUST-1334,PROD-010,4,2814.86,0,Completed
ORD-10033,21-12-2023,CUST-1030,PROD-009,4,457.07,0,Completed
ORD-10034,2023-01-13,CUST-1231,PROD-003,4,1528.88,0.05,Completed
ORD-10035,2023-03-30,CUST-1308,PROD-008,3,1810.47,0.2,Completed
ORD-10036,06/17/2023,CUST-1308,PROD-002,3,294.57,0.05,Completed
ORD-10037,22-10-2023,CUST-1379,PROD-004,2,924.13,0.15,Returned
ORD-10038,08/12/2023,CUST-1025,PROD-018,2,604.62,0,Completed
ORD-10039,25-06-2023,CUST-1242,PROD-013,3,455.5,0,Completed
ORD-10040,06/30/2023,CUST-1283,PROD-007,3,786.23,0,Completed
ORD-10041,2023-04-27,CUST-1206,PROD-005,4,4941.76,0.2,Completed
ORD-10042,18-07-2024,CUST-1220,PROD-020,3,442.65,0.1,Completed
ORD-10043,06/27/2023,CUST-1270,PROD-018,1,579.81,0,Completed
ORD-10044,27-08-2024,CUST-1279,PROD-001,3,1318.05,0,Completed
ORD-10045,2023-03-23,CUST-1101,PROD-023,4,-999,0,Completed
ORD-10046,2023-06-01,CUST-1056,PROD-015,2,6681.36,0.1,Completed
ORD-10047,20-02-2024,CUST-1380,PROD-024,2,428.44,0,Completed
ORD-10048,2023-05-03,CUST-1283,PROD-023,3,1582.01,0,Completed
ORD-10049,29-03-2023,CUST-1038,PROD-023,1,1589.85,0.2,Completed
ORD-10050,01-01-2024,CUST-1080,PROD-013,4,435.49,0.05,Completed
ORD-10051,09/28/2024,CUST-1385,PROD-017,1,2108.33,0.2,Completed
ORD-10052,2023-05-07,CUST-1080,PROD-001,2,1278.28,0.15,Completed
ORD-10053,09/23/2023,CUST-1107,PROD-020,1,464.58,0,Completed
ORD-10054,06/15/2023,CUST-1343,PROD-017,2,2101.07,0,Completed
ORD-10055,2023-04-02,CUST-1147,PROD-007,1,819.9,0.2,Completed
ORD-10056,2024-05-01,CUST-1028,PROD-014,2,601.08,0,Completed
ORD-10057,2024-09-29,CUST-1018,PROD-016,4,1857.5,0,Completed
ORD-10058,2023-04-08,CUST-1320,PROD-003,1,1551.13,0.2,Cancelled
ORD-10059,07-03-2023,CUST-1344,PROD-007,3,792.34,0.05,Completed
ORD-10060,03/15/2024,CUST-1008,PROD-009,1,453.72,0.15,Completed
ORD-10061,07-01-2023,CUST-1092,PROD-017,1,2166.4,0.05,Completed
ORD-10062,02/03/2024,CUST-1275,PROD-005,4,4801.28,0.2,Completed
ORD-10063,06/08/2024,CUST-1027,PROD-005,3,5018.31,0.1,Completed
ORD-10064,22-07-2024,CUST-1190,PROD-006,3,3131.92,0.15,Completed
ORD-10065,2023-05-28,CUST-1084,PROD-013,1,436.96,0,Returned
ORD-10066,07/10/2024,CUST-1028,PROD-012,,860.79,0,Completed
ORD-10067,07-04-2023,CUST-1206,PROD-013,3,449.92,0,Completed
ORD-10068,21-03-2024,CUST-1156,PROD-014,1,580.05,0.05,Completed
ORD-10069,2024-04-02,CUST-1196,PROD-022,3,355.15,0,Returned
ORD-10070,02/11/2023,CUST-1113,PROD-016,3,1814.51,0.1,Completed
ORD-10071,03/02/2023,CUST-1279,PROD-024,2,433.77,0.1,Completed
ORD-10072,04/01/2024,CUST-1190,PROD-019,3,885.4,0,Completed
ORD-10073,04/09/2024,CUST-1134,PROD-005,1,5061.34,0.1,Completed
ORD-10074,27-08-2024,CUST-1391,PROD-021,3,802.03,0.15,Completed
ORD-10075,06/17/2023,CUST-1217,PROD-018,1,572.11,0,Cancelled
ORD-10076,10-05-2023,CUST-1326,PROD-005,2,5196.65,0,Cancelled
ORD-10077,05/09/2023,,PROD-019,1,916.89,0.05,Completed
ORD-10078,19-06-2024,CUST-1172,PROD-010,1,2869.4,0.2,Completed
ORD-10079,08/15/2024,CUST-1230,PROD-005,2,5194.46,0,Completed
ORD-10080,15-08-2023,CUST-1172,PROD-022,1,343.89,0,Completed
ORD-10081,25-01-2024,CUST-1145,PROD-004,1,889.98,0,Completed
ORD-10082,18-12-2023,CUST-1186,PROD-010,3,2873.86,0.05,Returned
ORD-10083,2023-01-17,CUST-1334,PROD-003,4,1616.43,0,Completed
ORD-10084,2023-06-22,CUST-1342,PROD-002,1,305.53,0.15,Completed
ORD-10085,03/31/2023,CUST-1161,PROD-001,1,1295.81,0.1,Completed
ORD-10086,13-01-2024,CUST-1121,PROD-004,3,861.92,0,Completed
ORD-10087,09/23/2024,CUST-1069,PROD-005,2,-999,0.05,Completed
ORD-10088,2023-08-15,CUST-1036,PROD-006,,3144.32,0.1,Completed
ORD-10089,02-11-2023,,PROD-008,1,-999,0,Returned
ORD-10090,07/24/2023,CUST-1121,PROD-016,2,1955.77,0,Completed
ORD-10091,11/25/2023,CUST-1376,PROD-013,1,463.32,0,Completed
ORD-10092,07/10/2023,CUST-1103,PROD-008,4,1668.01,0.1,Completed
ORD-10093,2023-03-10,CUST-1244,PROD-009,3,444.56,0,Completed
ORD-10094,03/16/2023,CUST-1320,PROD-017,2,2117.45,0.15,Completed
ORD-10095,01/09/2024,CUST-1222,PROD-016,4,1957.25,0.15,Completed
ORD-10096,2023-01-03,CUST-1398,PROD-009,2,443.82,0,Returned
ORD-10097,15-06-2024,CUST-1012,PROD-016,2,1974.58,0.15,Completed
ORD-10098,15-06-2023,CUST-1017,PROD-002,3,290.82,0.1,Completed
ORD-10099,06-08-2023,CUST-1314,PROD-003,1,1647.81,0.1,Completed
ORD-10100,06/24/2023,CUST-1071,PROD-017,1,2285.2,0.1,Completed
,,,,,,,
ORD-10101,2023-09-07,,PROD-024,4,442.44,0.1,Cancelled
ORD-10102,09-04-2023,CUST-1398,PROD-021,2,825.44,0.1,Completed
ORD-10103,08-05-2023,CUST-1163,PROD-022,3,359.07,0.1,Completed
ORD-10104,2024-03-22,CUST-1348,PROD-003,3,1536.85,0.2,Completed
ORD-10105,09/07/2024,CUST-1328,PROD-016,2,1951.74,0.05,Completed
ORD-10106,06/30/2023,CUST-1398,PROD-014,2,618.63,0,Completed
ORD-10107,18-09-2023,CUST-1008,PROD-007,4,828.66,0,Completed
ORD-10108,01-09-2024,CUST-1155,PROD-007,2,799.3,0,Completed
ORD-10109,2024-09-21,CUST-1254,PROD-022,3,345.59,0.2,Completed
ORD-10110,11-10-2023,CUST-1178,PROD-018,1,596.01,0.1,Completed
ORD-10111,2023-10-06,CUST-1071,PROD-025,2,-999,0,Completed
ORD-10112,2023-03-23,CUST-1231,PROD-002,4,287.73,0.1,Completed
ORD-10113,2023-10-30,,PROD-002,3,300.92,0.2,Completed
ORD-10114,2023-07-05,CUST-1030,PROD-024,4,438.19,0.2,Completed
ORD-10115,2023-09-16,CUST-1242,PROD-002,1,308.2,0.1,Completed
ORD-10116,2023-04-20,CUST-1251,PROD-003,2,1669.72,0.15,Completed
ORD-10117,12/20/2023,CUST-1030,PROD-014,3,582.58,0.1,Cancelled
ORD-10118,2023-01-27,CUST-1045,PROD-011,3,2388.89,0.2,Completed
ORD-10119,08-09-2024,CUST-1268,PROD-012,3,876.4,0.15,Completed
ORD-10120,2023-04-20,CUST-1059,PROD-010,2,2764.44,0,Completed
ORD-10121,2023-09-25,CUST-1092,PROD-009,1,466.29,0,Completed
ORD-10122,23-07-2024,CUST-1027,PROD-016,2,1911.85,0.2,Completed
ORD-10123,02/20/2023,CUST-1215,PROD-023,4,1543.17,0,Completed
ORD-10124,2024-02-28,,PROD-019,1,932.55,0.1,Completed
ORD-10125,06-02-2024,CUST-1266,PROD-013,4,456.51,0.2,Completed
ORD-10126,2023-12-22,CUST-1012,PROD-020,1,434.13,0.15,Completed
ORD-10127,16-08-2024,CUST-1207,PROD-017,3,2307.62,0.2,Cancelled
ORD-10128,04-09-2023,CUST-1063,PROD-009,1,436.7,0.2,Completed
ORD-10129,2023-09-05,CUST-1133,PROD-004,2,875.53,0,Completed
ORD-10130,05/25/2023,CUST-1269,PROD-023,,1521.97,0.1,Completed
ORD-10131,08/31/2023,CUST-1010,PROD-024,4,464.93,0.1,Returned
ORD-10132,2023-01-28,CUST-1228,PROD-015,,7293.55,0,Completed
ORD-10133,01/15/2023,CUST-1206,PROD-008,4,1700.9,0.05,Cancelled
ORD-10134,09/13/2023,CUST-1383,PROD-001,4,1236.66,0,Completed
ORD-10135,2023-03-06,CUST-1108,PROD-018,3,620.77,0.2,Completed
ORD-10136,08/11/2023,CUST-1173,PROD-021,1,-999,0.2,Completed
ORD-10137,26-06-2023,CUST-1345,PROD-018,1,587.03,0,Completed
ORD-10138,05-05-2023,CUST-1008,PROD-007,4,801.76,0,Completed
ORD-10139,23-01-2023,CUST-1128,PROD-018,3,583.42,0,Completed
ORD-10140,04/05/2023,CUST-1284,PROD-020,3,431.57,0,Completed
ORD-10141,2024-01-03,CUST-1398,PROD-022,4,-999,0,Completed
ORD-10142,09/13/2024,CUST-1113,PROD-024,4,443.4,0,Completed
ORD-10143,2024-08-03,CUST-1190,PROD-010,1,2664.4,0.1,Completed
ORD-10144,12/06/2023,CUST-1321,PROD-006,4,3243.24,0,Completed
ORD-10145,2024-08-18,CUST-1084,PROD-007,4,832.28,0,Completed
ORD-10146,05/22/2023,,PROD-001,4,-999,0.15,Completed
ORD-10147,07-01-2023,CUST-1248,PROD-015,2,7062.16,0,Completed
ORD-10148,05/03/2024,CUST-1113,PROD-014,4,619.78,0,Completed
ORD-10149,06/02/2023,CUST-1234,PROD-024,3,436.93,0.15,Completed
ORD-10150,12-08-2023,CUST-1064,PROD-020,3,456.56,0.2,Completed
ORD-10151,2023-03-22,CUST-1140,PROD-005,1,4909.14,0,Completed
ORD-10152,08/19/2024,CUST-1342,PROD-025,2,876.54,0.1,Completed
ORD-10153,11-12-2023,CUST-1040,PROD-017,3,2163.6,0,Completed
ORD-10154,06/26/2024,CUST-1190,PROD-011,1,2484.33,0,Completed
ORD-10155,05/02/2023,CUST-1378,PROD-001,2,1331.1,0,Completed
ORD-10156,26-04-2023,CUST-1395,PROD-003,1,-999,0,Completed
ORD-10157,01/13/2023,CUST-1294,PROD-005,2,5084.96,0,Completed
ORD-10158,2024-01-18,CUST-1128,PROD-007,3,811.77,0.15,Completed
ORD-10159,07-09-2023,CUST-1071,PROD-025,3,924.26,0,Completed
ORD-10160,04/07/2024,CUST-1318,PROD-020,2,467.39,0.05,Completed
ORD-10161,21-01-2024,CUST-1202,PROD-012,1,907.65,0.1,Completed
ORD-10162,04/20/2024,CUST-1157,PROD-014,3,577.11,0.2,Cancelled
ORD-10163,2023-05-28,CUST-1379,PROD-022,1,337.41,0,Completed
ORD-10164,01/09/2024,CUST-1149,PROD-005,1,4819.83,0.2,Completed
ORD-10165,04/11/2024,CUST-1155,PROD-005,4,4936.87,0.15,Cancelled
ORD-10166,12/11/2023,CUST-1163,PROD-004,1,867.45,0,Completed
ORD-10167,05/16/2024,CUST-1350,PROD-008,1,1785.36,0,Completed
ORD-10168,01/04/2023,CUST-1069,PROD-006,4,3155.63,0.05,Completed
ORD-10169,04/13/2024,CUST-1073,PROD-023,1,1556.94,0,Completed
ORD-10170,08/02/2024,CUST-1241,PROD-015,2,-999,0.1,Completed
ORD-10171,02/25/2023,CUST-1055,PROD-020,4,464.81,0,Completed
ORD-10172,18-02-2023,CUST-1391,PROD-022,3,349.11,0,Completed
ORD-10173,04/07/2023,CUST-1097,PROD-016,4,1923.66,0.15,Completed
ORD-10174,2023-01-11,CUST-1340,PROD-009,4,435.3,0,Completed
ORD-10175,06/04/2024,CUST-1190,PROD-009,2,428.38,0,Completed
ORD-10176,11/24/2023,CUST-1311,PROD-011,4,2543.68,0.15,Completed
ORD-10177,25-09-2023,CUST-1053,PROD-017,2,2108.45,0,Completed
ORD-10178,04/06/2024,CUST-1166,PROD-011,3,2459.5,0,Completed
ORD-10179,2023-03-27,CUST-1031,PROD-001,,1238.8,0.1,Completed
ORD-10180,2023-07-08,CUST-1186,PROD-005,1,5214.27,0,Completed
ORD-10181,22-12-2023,CUST-1036,PROD-022,2,348.75,0.2,Returned
ORD-10182,03-02-2024,CUST-1388,PROD-007,2,790.75,0.15,Completed
ORD-10183,2023-11-02,CUST-1189,PROD-023,2,1534.2,0.15,Completed
ORD-10184,09-04-2024,CUST-1167,PROD-004,4,922.81,0.2,Completed
ORD-10185,29-07-2024,CUST-1038,PROD-015,4,6977.61,0,Completed
ORD-10186,2024-05-15,CUST-1156,PROD-020,1,432.81,0,Returned
ORD-10187,2023-10-27,CUST-1036,PROD-024,3,452.37,0,Completed
ORD-10188,2024-09-17,CUST-1010,PROD-006,2,3052.83,0.2,Completed
ORD-10189,01/26/2023,CUST-1301,PROD-006,2,3353.0,0.1,Cancelled
ORD-10190,2024-09-22,CUST-1065,PROD-023,3,1570.1,0.1,Completed
ORD-10191,30-01-2023,CUST-1285,PROD-001,2,1250.95,0,Cancelled
ORD-10192,21-05-2023,CUST-1084,PROD-024,1,463.96,0.2,Completed
ORD-10193,2023-02-27,CUST-1217,PROD-021,1,759.39,0.1,Completed
ORD-10194,30-05-2024,CUST-1190,PROD-012,2,893.55,0.1,Completed
ORD-10195,08/19/2023,CUST-1008,PROD-009,2,427.51,0,Completed
ORD-10196,2023-12-24,CUST-1190,PROD-005,4,5151.4,0,Completed
ORD-10197,15-03-2023,CUST-1208,PROD-013,1,462.04,0,Completed
ORD-10198,07/19/2023,CUST-1204,PROD-022,3,362.72,0,Completed
ORD-10199,03/20/2024,CUST-1314,PROD-006,,3074.9,0.2,Completed
ORD-10199,03/20/2024,CUST-1314,PROD-006,,3074.9,0.2,Completed
ORD-10200,18-03-2024,CUST-1020,PROD-017,2,-999,0.05,Completed
ORD-10201,2023-04-15,CUST-1036,PROD-013,1,443.23,0,Completed
ORD-10202,19-11-2023,CUST-1028,PROD-018,1,626.95,0.15,Completed
ORD-10203,03/22/2024,CUST-1290,PROD-006,4,3174.7,0.1,Completed
ORD-10204,07/18/2024,,PROD-024,1,459.27,0.2,Completed
ORD-10205,07/25/2023,CUST-1044,PROD-024,1,443.98,0.15,Cancelled
ORD-10206,29-08-2023,CUST-1278,PROD-005,1,5101.76,0,Completed
ORD-10207,08-10-2023,CUST-1361,PROD-007,4,771.39,0,Completed
ORD-10208,12/24/2023,CUST-1192,PROD-015,2,7057.09,0,Completed
ORD-10209,03/09/2024,,PROD-012,3,-999,0.1,Completed
ORD-10210,08-08-2024,CUST-1030,PROD-016,4,1909.56,0,Completed
ORD-10211,2023-09-12,CUST-1190,PROD-008,4,1705.04,0.1,Completed
ORD-10212,2023-03-05,CUST-1008,PROD-004,2,895.26,0,Returned
ORD-10213,03/01/2024,CUST-1325,PROD-025,4,878.76,0.1,Completed
ORD-10214,14-05-2024,CUST-1208,PROD-014,1,580.27,0.05,Completed
ORD-10215,04-02-2024,CUST-1110,PROD-003,1,1672.72,0.1,Completed
ORD-10216,07/13/2023,CUST-1169,PROD-022,1,340.33,0,Completed
ORD-10217,03/18/2023,CUST-1134,PROD-018,4,592.04,0,Completed
ORD-10218,26-09-2023,CUST-1196,PROD-003,2,1562.29,0,Completed
ORD-10219,2024-04-01,CUST-1113,PROD-018,4,-999,0,Returned
ORD-10220,10-04-2023,CUST-1311,PROD-011,2,2474.85,0.1,Completed
ORD-10221,05/14/2023,CUST-1205,PROD-020,3,458.32,0.2,Completed
ORD-10222,01-07-2023,CUST-1219,PROD-005,2,5228.15,0,Completed
ORD-10223,10/21/2023,CUST-1069,PROD-016,3,1810.93,0,Completed
ORD-10224,2023-04-23,CUST-1073,PROD-005,1,5218.63,0.15,Completed
ORD-10225,2023-10-25,CUST-1038,PROD-003,3,1589.45,0,Completed
ORD-10226,03/08/2023,CUST-1162,PROD-013,3,-999,0.15,Completed
ORD-10227,15-07-2023,CUST-1303,PROD-009,4,465.72,0.1,Completed
ORD-10228,2024-06-13,CUST-1234,PROD-010,1,2865.5,0.15,Completed
ORD-10229,2023-04-26,CUST-1231,PROD-014,4,573.42,0,Completed
ORD-10230,17-01-2024,CUST-1020,PROD-020,3,471.58,0.2,Completed
ORD-10231,03-01-2024,CUST-1254,PROD-020,1,467.91,0.15,Completed
ORD-10232,2023-12-29,CUST-1352,PROD-021,4,828.85,0.1,Completed
ORD-10233,2023-11-23,CUST-1065,PROD-005,2,5138.3,0.05,Completed
ORD-10234,04-09-2024,CUST-1137,PROD-013,4,448.98,0,Completed
ORD-10235,2023-05-06,CUST-1020,PROD-015,4,7027.27,0,Completed
ORD-10236,08/12/2024,CUST-1352,PROD-010,3,2920.46,0.2,Completed
ORD-10237,28-01-2023,CUST-1190,PROD-010,2,2807.79,0.2,Completed
ORD-10238,09/30/2023,,PROD-005,2,5209.03,0,Completed
ORD-10239,2024-03-04,CUST-1378,PROD-009,2,459.02,0,Completed
ORD-10240,03/11/2023,CUST-1008,PROD-005,1,4895.91,0.15,Completed
ORD-10241,07/12/2023,CUST-1354,PROD-003,2,1569.83,0.05,Completed
ORD-10242,2024-05-11,CUST-1071,PROD-012,2,916.92,0,Completed
ORD-10243,30-01-2023,CUST-1081,PROD-024,,434.5,0.2,Completed
ORD-10244,08/21/2023,CUST-1263,PROD-007,2,806.67,0,Completed
ORD-10245,29-08-2023,CUST-1015,PROD-012,3,938.66,0.1,Completed
ORD-10246,2023-10-15,CUST-1101,PROD-014,4,592.98,0.1,Completed
ORD-10247,06-07-2023,CUST-1162,PROD-010,2,2767.44,0,Completed
ORD-10248,07/25/2024,CUST-1101,PROD-017,3,2185.85,0,Completed
ORD-10249,28-10-2023,CUST-1101,PROD-003,4,1554.41,0,Completed
ORD-10250,14-07-2023,CUST-1304,PROD-001,1,1356.7,0,Completed
ORD-10251,06/15/2023,CUST-1043,PROD-021,2,826.36,0.05,Completed
ORD-10252,2023-11-28,CUST-1217,PROD-015,4,-999,0,Completed
ORD-10253,08/07/2023,CUST-1383,PROD-025,4,888.36,0.2,Completed
ORD-10254,02/25/2023,CUST-1303,PROD-020,1,463.09,0.1,Completed
ORD-10255,02/22/2023,CUST-1307,PROD-009,1,435.55,0,Completed
ORD-10256,19-09-2023,CUST-1124,PROD-008,4,1726.96,0.05,Completed
ORD-10257,2024-04-28,CUST-1121,PROD-017,2,2210.17,0,Completed
ORD-10258,09-02-2023,CUST-1118,PROD-003,1,1625.7,0,Completed
ORD-10259,2023-08-15,CUST-1203,PROD-009,3,454.95,0,Completed
ORD-10260,2023-01-05,,PROD-007,,808.57,0,Completed
ORD-10261,06/04/2024,CUST-1334,PROD-014,2,572.86,0,Completed
ORD-10262,01-03-2023,CUST-1184,PROD-015,1,7041.05,0,Completed
ORD-10263,15-06-2024,CUST-1259,PROD-003,1,1635.71,0,Completed
ORD-10264,07/23/2024,CUST-1163,PROD-015,1,7232.04,0.2,Completed
ORD-10265,25-09-2024,CUST-1262,PROD-009,1,455.77,0.2,Completed
ORD-10266,2023-11-26,CUST-1119,PROD-001,3,1341.78,0,Completed
ORD-10267,2023-10-23,CUST-1385,PROD-003,2,1616.17,0,Completed
ORD-10268,2023-03-01,CUST-1025,PROD-016,2,1814.62,0,Completed
ORD-10269,2024-03-07,CUST-1092,PROD-018,,-999,0.2,Returned
ORD-10270,2023-10-15,CUST-1090,PROD-012,4,913.51,0.05,Completed
ORD-10271,09/23/2024,CUST-1013,PROD-002,,286.86,0.05,Completed
ORD-10272,07-12-2023,CUST-1134,PROD-022,3,365.72,0.15,Completed
ORD-10273,09/25/2023,CUST-1192,PROD-024,2,458.0,0.05,Completed
ORD-10274,05-09-2024,CUST-1107,PROD-006,3,3268.78,0.15,Completed
ORD-10275,08/30/2023,CUST-1399,PROD-015,1,7020.4,0,Completed
ORD-10276,24-03-2023,CUST-1104,PROD-010,2,2867.52,0.1,Completed
ORD-10277,2024-02-02,CUST-1013,PROD-012,4,878.94,0.1,Completed
ORD-10278,29-08-2024,CUST-1121,PROD-007,3,819.55,0,Completed
ORD-10279,2024-07-28,CUST-1078,PROD-006,3,3104.44,0.2,Completed
ORD-10280,29-07-2024,CUST-1101,PROD-004,1,910.58,0.1,Completed
ORD-10281,2023-07-23,CUST-1190,PROD-001,3,1272.46,0.2,Completed
ORD-10282,2024-03-12,CUST-1360,PROD-004,2,880.43,0,Completed
ORD-10283,06-01-2024,CUST-1221,PROD-021,4,805.3,0,Completed
ORD-10284,2023-04-08,CUST-1028,PROD-013,1,442.08,0,Completed
ORD-10285,20-04-2023,CUST-1400,PROD-011,1,2430.23,0,Completed
ORD-10286,2024-09-29,CUST-1163,PROD-018,4,626.97,0,Completed
ORD-10287,02/01/2023,CUST-1082,PROD-015,2,6847.39,0,Completed
ORD-10288,03/02/2024,CUST-1118,PROD-023,4,1630.17,0,Completed
ORD-10289,03-07-2024,CUST-1021,PROD-017,3,2130.17,0,Returned
ORD-10290,08-07-2023,CUST-1001,PROD-013,1,433.88,0,Completed
ORD-10291,09/23/2024,CUST-1167,PROD-016,2,1883.71,0.05,Completed
ORD-10292,2024-09-11,CUST-1119,PROD-015,4,7151.11,0.1,Completed
ORD-10293,2024-06-26,CUST-1174,PROD-019,2,906.1,0,Completed
ORD-10294,06/06/2023,CUST-1257,PROD-010,3,-999,0,Completed
ORD-10295,27-01-2024,CUST-1163,PROD-005,1,-999,0.1,Completed
ORD-10296,09-05-2023,CUST-1364,PROD-006,4,3134.23,0.1,Completed
ORD-10297,22-12-2023,CUST-1134,PROD-016,1,1854.08,0.15,Completed
ORD-10298,05/16/2024,CUST-1273,PROD-024,2,427.7,0.05,Returned
,,,,,,,
ORD-10299,01/11/2023,CUST-1325,PROD-001,3,-999,0.05,Completed
ORD-10300,30-03-2023,CUST-1311,PROD-023,3,1614.29,0.05,Completed
ORD-10301,2023-02-27,CUST-1060,PROD-018,2,585.69,0.05,Returned
ORD-10302,01/28/2023,CUST-1244,PROD-009,2,428.46,0,Completed
ORD-10303,31-07-2024,CUST-1069,PROD-019,1,939.65,0,Completed
ORD-10304,2023-12-09,CUST-1058,PROD-003,3,1568.94,0,Completed
ORD-10305,04-01-2024,CUST-1339,PROD-006,1,3293.43,0.05,Completed
ORD-10306,02/12/2024,CUST-1355,PROD-010,1,2838.51,0,Completed
ORD-10307,23-01-2023,CUST-1263,PROD-011,2,-999,0.2,Completed
ORD-10308,2024-03-16,CUST-1107,PROD-003,1,1557.74,0.1,Completed
ORD-10309,07/30/2023,CUST-1167,PROD-009,3,470.92,0,Completed
ORD-10310,2024-06-07,CUST-1304,PROD-016,2,1917.74,0,Completed
ORD-10311,07/26/2024,CUST-1030,PROD-008,1,1684.6,0,Completed
ORD-10312,06/25/2023,CUST-1203,PROD-014,2,583.37,0.15,Completed
ORD-10313,2023-02-14,CUST-1190,PROD-004,3,935.93,0.05,Completed
ORD-10314,08-12-2023,CUST-1030,PROD-012,1,865.14,0.2,Completed
ORD-10315,06-03-2023,,PROD-016,2,1903.46,0.2,Completed
ORD-10316,03/20/2023,CUST-1302,PROD-025,1,889.39,0.1,Completed
ORD-10317,21-12-2023,CUST-1016,PROD-006,1,3210.13,0.05,Completed
ORD-10318,18-12-2023,CUST-1162,PROD-015,2,7343.8,0.05,Completed
ORD-10319,2023-07-06,CUST-1061,PROD-018,3,628.06,0,Completed
ORD-10320,03/06/2024,CUST-1090,PROD-022,3,345.2,0.1,Completed
ORD-10321,06/20/2023,CUST-1174,PROD-001,1,1291.51,0.1,Completed
ORD-10322,05-01-2023,CUST-1042,PROD-017,3,2193.79,0,Completed
ORD-10323,02-07-2024,CUST-1358,PROD-017,2,2249.07,0.2,Completed
ORD-10324,06-01-2024,CUST-1394,PROD-003,3,1642.42,0,Completed
ORD-10325,2023-06-08,CUST-1080,PROD-025,,879.59,0,Completed
ORD-10326,29-10-2023,CUST-1155,PROD-006,2,3317.85,0,Completed
ORD-10327,2023-08-02,CUST-1084,PROD-022,1,332.98,0.1,Completed
ORD-10328,20-04-2023,CUST-1269,PROD-006,4,3207.91,0.15,Completed
ORD-10329,22-03-2024,CUST-1121,PROD-010,1,2923.77,0,Completed
ORD-10330,08/27/2023,CUST-1121,PROD-008,2,1690.68,0,Completed
ORD-10331,11/14/2023,CUST-1031,PROD-020,3,466.48,0,Completed
ORD-10332,10/18/2023,CUST-1334,PROD-010,3,2815.4,0.2,Returned
ORD-10333,2023-06-11,CUST-1160,PROD-023,4,1609.49,0.1,Completed
ORD-10334,05/03/2023,CUST-1008,PROD-009,3,462.53,0,Completed
ORD-10335,2024-03-28,CUST-1263,PROD-007,2,832.08,0,Completed
ORD-10336,08-02-2023,CUST-1272,PROD-023,2,1538.38,0,Completed
ORD-10337,06/12/2024,CUST-1053,PROD-004,2,905.92,0.05,Cancelled
ORD-10338,2023-04-09,CUST-1008,PROD-015,2,6814.5,0,Completed
ORD-10339,2023-08-24,CUST-1249,PROD-004,4,876.83,0.05,Returned
ORD-10340,2023-07-27,CUST-1109,PROD-002,3,291.78,0.15,Completed
ORD-10341,2024-09-01,CUST-1022,PROD-013,3,441.03,0.2,Completed
ORD-10342,03-04-2024,CUST-1091,PROD-002,1,294.5,0.1,Completed
ORD-10343,2024-09-23,CUST-1272,PROD-014,3,592.05,0.1,Completed
ORD-10344,04/26/2023,,PROD-021,1,837.44,0,Completed
ORD-10345,29-05-2024,CUST-1322,PROD-013,1,450.95,0,Completed
ORD-10346,04/16/2024,CUST-1269,PROD-023,2,1570.8,0,Completed
ORD-10347,20-01-2024,CUST-1295,PROD-004,2,895.47,0,Returned
ORD-10348,31-05-2024,CUST-1011,PROD-011,4,2573.05,0.1,Completed
ORD-10349,2024-04-28,CUST-1024,PROD-008,3,1752.7,0.15,Completed
ORD-10350,07/05/2024,CUST-1072,PROD-020,4,440.57,0.15,Completed
ORD-10351,2023-09-14,CUST-1128,PROD-015,2,6973.55,0.2,Completed
ORD-10352,2024-01-26,CUST-1030,PROD-001,4,1317.66,0.15,Completed
ORD-10353,24-06-2023,CUST-1317,PROD-003,3,1569.51,0,Completed
ORD-10354,2023-06-20,CUST-1190,PROD-010,2,2799.04,0,Returned
ORD-10355,2023-07-28,CUST-1339,PROD-006,3,3215.38,0,Completed
ORD-10356,17-11-2023,CUST-1212,PROD-022,3,367.34,0,Completed
ORD-10357,2024-09-10,CUST-1162,PROD-021,1,790.16,0.15,Completed
ORD-10358,2023-03-01,CUST-1051,PROD-022,2,338.58,0,Completed
ORD-10359,2023-01-30,CUST-1371,PROD-018,1,585.62,0.15,Completed
ORD-10360,2023-11-12,CUST-1231,PROD-025,1,891.98,0.05,Completed
ORD-10361,02-05-2023,CUST-1041,PROD-011,,2574.36,0,Completed
ORD-10362,2024-02-19,CUST-1224,PROD-012,4,925.81,0,Completed
ORD-10363,02-03-2023,CUST-1084,PROD-002,2,301.95,0.2,Completed
ORD-10364,02/28/2023,CUST-1297,PROD-024,2,462.59,0,Completed
ORD-10365,11/25/2023,CUST-1030,PROD-017,1,2253.48,0,Completed
ORD-10366,2023-07-13,CUST-1086,PROD-021,4,812.14,0,Completed
ORD-10367,06/01/2024,CUST-1300,PROD-018,4,614.32,0,Completed
ORD-10368,2023-05-22,CUST-1134,PROD-003,3,1577.87,0,Completed
ORD-10369,29-07-2024,CUST-1066,PROD-021,3,822.52,0.05,Returned
ORD-10370,04/11/2023,CUST-1366,PROD-006,2,3245.76,0.15,Completed
ORD-10371,14-06-2023,CUST-1308,PROD-010,1,2707.79,0,Completed
ORD-10372,02/09/2023,CUST-1212,PROD-006,4,3163.54,0.05,Completed
ORD-10373,2023-10-05,CUST-1119,PROD-004,4,888.18,0.05,Completed
ORD-10374,10-04-2023,CUST-1217,PROD-004,4,917.6,0,Cancelled
ORD-10375,02/21/2023,CUST-1203,PROD-025,4,900.08,0.15,Completed
ORD-10376,14-06-2023,CUST-1353,PROD-014,2,624.24,0,Completed
ORD-10377,07/29/2023,CUST-1071,PROD-023,4,1661.66,0.15,Completed
ORD-10378,2023-05-27,CUST-1320,PROD-024,2,466.52,0,Completed
ORD-10379,05/13/2023,CUST-1128,PROD-008,2,1779.38,0.05,Completed
ORD-10380,2023-05-10,CUST-1189,PROD-005,3,5054.14,0.15,Completed
ORD-10381,2023-02-17,CUST-1217,PROD-017,2,2184.52,0,Cancelled
ORD-10382,04/13/2023,CUST-1015,PROD-011,2,2484.75,0,Completed
ORD-10383,05-07-2023,CUST-1113,PROD-024,,451.28,0,Completed
ORD-10384,2023-07-18,CUST-1118,PROD-019,3,916.17,0.15,Completed
ORD-10385,2023-06-15,,PROD-015,3,6987.51,0.2,Completed
ORD-10386,25-01-2024,CUST-1146,PROD-016,4,1923.6,0.15,Completed
ORD-10387,2023-06-30,CUST-1391,PROD-020,1,462.67,0,Completed
ORD-10388,13-03-2023,CUST-1332,PROD-024,4,456.42,0,Completed
ORD-10389,07/07/2024,CUST-1216,PROD-001,2,1314.28,0,Cancelled
ORD-10390,26-10-2023,CUST-1070,PROD-024,,464.19,0.2,Completed
ORD-10391,2023-04-14,CUST-1174,PROD-024,1,445.67,0,Completed
ORD-10392,08-04-2024,CUST-1080,PROD-006,1,3298.55,0,Completed
ORD-10393,2024-04-28,CUST-1038,PROD-001,4,1313.52,0,Completed
ORD-10394,2023-03-09,CUST-1244,PROD-016,2,1839.16,0,Completed
ORD-10395,2023-06-20,CUST-1318,PROD-015,1,6847.23,0.05,Completed
ORD-10396,24-09-2024,CUST-1363,PROD-019,4,890.43,0.15,Completed
ORD-10397,02/28/2024,CUST-1036,PROD-024,4,436.87,0.1,Completed
ORD-10397,02/28/2024,CUST-1036,PROD-024,4,436.87,0.1,Completed
ORD-10398,2024-08-12,,PROD-005,1,4805.5,0,Completed
ORD-10399,07/08/2024,,PROD-011,2,2568.95,0.15,Completed
ORD-10400,2024-08-14,CUST-1092,PROD-019,,931.92,0,Completed
ORD-10401,04/24/2023,CUST-1018,PROD-016,4,1934.4,0.15,Completed
ORD-10402,08-05-2023,CUST-1016,PROD-019,2,915.15,0,Completed
ORD-10403,09-03-2023,CUST-1119,PROD-007,3,815.88,0.15,Completed
ORD-10404,04/17/2023,CUST-1072,PROD-001,3,1267.27,0,Completed
ORD-10405,07-06-2023,CUST-1205,PROD-008,1,1765.62,0.2,Completed
ORD-10406,27-03-2023,CUST-1346,PROD-012,4,938.09,0,Completed
ORD-10407,2023-06-16,,PROD-016,4,1935.41,0.1,Completed
ORD-10408,02/08/2023,CUST-1072,PROD-019,1,910.93,0,Cancelled
ORD-10409,2023-12-20,CUST-1354,PROD-013,4,463.42,0.15,Completed
ORD-10410,19-11-2023,CUST-1155,PROD-001,4,1240.09,0.1,Cancelled
ORD-10411,2024-09-09,CUST-1199,PROD-015,3,6857.96,0,Completed
ORD-10412,2023-09-01,CUST-1076,PROD-020,1,465.92,0,Completed
ORD-10413,10/21/2023,CUST-1088,PROD-008,2,1755.24,0.15,Returned
ORD-10414,2023-01-12,CUST-1361,PROD-013,1,430.95,0.1,Completed
ORD-10415,04/17/2023,CUST-1124,PROD-021,4,797.41,0.1,Completed
ORD-10416,2024-06-30,CUST-1186,PROD-022,4,350.8,0.2,Completed
ORD-10417,03/01/2023,CUST-1042,PROD-012,4,-999,0,Completed
ORD-10418,2023-07-25,CUST-1124,PROD-020,3,454.43,0,Completed
ORD-10419,02-10-2023,CUST-1224,PROD-008,1,-999,0,Completed
ORD-10420,2023-02-20,CUST-1068,PROD-002,1,285.23,0.2,Completed
ORD-10421,27-04-2023,CUST-1302,PROD-016,4,1883.06,0.05,Completed
ORD-10422,2024-04-19,CUST-1038,PROD-025,1,872.37,0,Completed
ORD-10423,09/18/2023,CUST-1048,PROD-017,4,2254.05,0.05,Completed
ORD-10424,30-04-2023,CUST-1164,PROD-006,4,3222.71,0,Completed
ORD-10425,2024-08-26,CUST-1397,PROD-015,2,6792.68,0.2,Completed
ORD-10426,27-03-2023,CUST-1212,PROD-016,3,1913.49,0,Completed
ORD-10427,06/26/2023,CUST-1051,PROD-021,2,817.87,0,Completed
ORD-10428,2024-05-27,CUST-1024,PROD-008,2,1780.64,0,Completed
ORD-10429,14-01-2024,CUST-1356,PROD-013,2,430.41,0.1,Completed
ORD-10430,2023-04-16,,PROD-008,2,1730.97,0,Completed
ORD-10431,2024-01-20,CUST-1092,PROD-025,3,920.47,0.15,Completed
ORD-10432,2023-06-28,CUST-1282,PROD-022,4,359.33,0.05,Completed
ORD-10433,2023-04-30,CUST-1089,PROD-018,4,592.13,0.05,Completed
ORD-10434,09/01/2023,CUST-1391,PROD-021,3,816.35,0.15,Completed
ORD-10435,07/22/2024,CUST-1190,PROD-025,3,865.4,0,Completed
ORD-10436,02-04-2023,CUST-1293,PROD-008,3,1714.26,0,Completed
ORD-10437,2024-02-10,CUST-1242,PROD-022,4,364.68,0,Completed
ORD-10438,2023-05-17,CUST-1297,PROD-025,2,866.04,0.1,Completed
ORD-10439,06/16/2024,CUST-1167,PROD-016,4,1869.28,0,Completed
ORD-10440,2023-02-02,CUST-1158,PROD-004,3,937.79,0.15,Completed
ORD-10441,2024-06-24,CUST-1036,PROD-004,3,917.53,0,Completed
ORD-10442,02-02-2023,CUST-1038,PROD-007,3,766.81,0.1,Completed
ORD-10443,2023-10-25,CUST-1318,PROD-005,4,4943.03,0.2,Completed
ORD-10444,2023-03-20,,PROD-008,4,1814.81,0,Completed
ORD-10445,2023-10-16,CUST-1013,PROD-024,3,454.95,0.05,Completed
ORD-10446,04/29/2023,CUST-1391,PROD-007,4,834.77,0,Completed
ORD-10447,03/03/2024,CUST-1125,PROD-016,3,-999,0.2,Completed
ORD-10448,03/06/2023,CUST-1320,PROD-011,4,2581.7,0,Completed
ORD-10449,04/25/2023,CUST-1353,PROD-005,1,5197.41,0.1,Completed
ORD-10450,06/08/2023,CUST-1126,PROD-013,2,442.7,0.1,Completed
ORD-10451,02-01-2024,CUST-1196,PROD-005,1,5105.8,0.1,Completed
ORD-10452,07/03/2024,CUST-1084,PROD-024,3,445.89,0.1,Returned
ORD-10453,06/07/2023,CUST-1329,PROD-004,3,915.72,0.2,Completed
ORD-10454,04/22/2024,CUST-1166,PROD-009,2,470.57,0.1,Completed
ORD-10455,2024-08-21,CUST-1060,PROD-019,3,876.62,0.05,Completed
ORD-10456,2023-10-08,CUST-1347,PROD-018,2,584.52,0.1,Completed
ORD-10457,10-08-2023,CUST-1012,PROD-014,4,582.17,0,Completed
ORD-10458,05/30/2024,CUST-1377,PROD-013,1,468.47,0.15,Completed
ORD-10459,05/16/2023,CUST-1351,PROD-023,4,1560.74,0.2,Completed
ORD-10460,09/05/2023,CUST-1279,PROD-006,4,3279.18,0,Cancelled
ORD-10461,24-02-2024,CUST-1137,PROD-018,4,628.36,0,Completed
ORD-10462,03-01-2023,CUST-1371,PROD-014,3,569.74,0,Cancelled
ORD-10463,10-08-2023,CUST-1001,PROD-016,2,1974.43,0.05,Completed
ORD-10464,2023-02-07,CUST-1031,PROD-007,2,795.38,0,Completed
ORD-10465,11-05-2024,CUST-1178,PROD-019,,879.89,0.2,Completed
ORD-10466,01-06-2023,CUST-1111,PROD-017,,2198.83,0.2,Cancelled
ORD-10467,27-07-2023,CUST-1175,PROD-014,3,604.36,0.1,Completed
ORD-10468,24-02-2023,CUST-1095,PROD-018,1,578.69,0,Completed
ORD-10469,2023-07-15,CUST-1024,PROD-025,3,864.72,0,Returned
ORD-10470,27-06-2023,CUST-1307,PROD-023,1,1647.63,0,Completed
ORD-10471,06-09-2023,CUST-1350,PROD-001,4,1309.46,0.05,Returned
ORD-10472,10-06-2023,CUST-1230,PROD-020,2,432.98,0.05,Completed
ORD-10473,2023-05-10,CUST-1282,PROD-016,2,1966.71,0,Completed
ORD-10474,03/02/2023,CUST-1206,PROD-004,3,896.5,0,Completed
ORD-10475,16-09-2024,CUST-1268,PROD-002,3,312.74,0,Completed
ORD-10476,11-11-2023,CUST-1366,PROD-009,1,444.46,0,Completed
ORD-10477,2024-09-09,CUST-1187,PROD-024,2,470.68,0.1,Completed
ORD-10478,06/27/2023,CUST-1206,PROD-021,1,789.65,0.05,Completed
ORD-10479,2024-06-02,CUST-1032,PROD-001,3,1286.68,0,Completed
ORD-10480,23-05-2023,CUST-1098,PROD-020,2,440.77,0,Completed
ORD-10481,14-08-2023,CUST-1057,PROD-019,,894.69,0.05,Completed
ORD-10482,05-01-2023,CUST-1167,PROD-019,4,-999,0.05,Completed
ORD-10483,02/18/2023,CUST-1084,PROD-005,1,5210.15,0.15,Completed
ORD-10484,20-04-2023,CUST-1124,PROD-001,1,-999,0.2,Completed
ORD-10485,27-04-2023,CUST-1209,PROD-008,3,1794.21,0,Completed
ORD-10486,2023-05-03,CUST-1340,PROD-025,3,881.05,0,Completed
ORD-10487,2023-01-28,CUST-1045,PROD-019,4,935.97,0,Completed
ORD-10488,2024-06-08,CUST-1145,PROD-018,2,596.94,0.1,Completed
ORD-10489,06/13/2023,CUST-1268,PROD-007,2,791.81,0.1,Completed
ORD-10490,02/02/2024,CUST-1216,PROD-013,4,430.64,0,Returned
ORD-10491,04/30/2023,,PROD-004,1,869.39,0,Completed
ORD-10492,08/18/2023,CUST-1327,PROD-021,4,790.54,0.1,Completed
ORD-10493,20-01-2024,CUST-1163,PROD-019,2,929.14,0,Completed
ORD-10494,12/09/2023,CUST-1101,PROD-014,4,606.87,0,Completed
ORD-10495,07/22/2024,CUST-1124,PROD-009,3,450.44,0.05,Completed
ORD-10496,02/21/2024,CUST-1126,PROD-004,2,856.45,0,Completed
,,,,,,,
ORD-10497,2024-08-19,CUST-1092,PROD-008,4,1722.2,0.05,Completed
ORD-10498,2024-01-01,CUST-1119,PROD-023,1,1580.56,0,Completed
ORD-10499,31-08-2023,CUST-1381,PROD-005,,5070.33,0,Completed
ORD-10500,09/26/2023,CUST-1258,PROD-014,3,586.5,0,Completed
ORD-10501,09-03-2024,CUST-1021,PROD-002,3,302.45,0,Completed
ORD-10502,05/27/2024,CUST-1024,PROD-014,4,603.37,0.05,Completed
ORD-10503,2023-11-04,CUST-1332,PROD-016,1,1813.57,0,Completed
ORD-10504,2024-02-18,CUST-1155,PROD-017,1,2308.63,0,Completed
ORD-10505,2023-01-19,CUST-1151,PROD-019,4,910.71,0.1,Completed
ORD-10506,2023-11-12,CUST-1061,PROD-009,,445.43,0,Completed
ORD-10507,18-05-2024,CUST-1350,PROD-023,1,1600.58,0.2,Completed
ORD-10508,2024-02-07,CUST-1101,PROD-008,1,1746.96,0.15,Completed
ORD-10509,08/31/2023,CUST-1186,PROD-018,4,580.18,0,Completed
ORD-10510,06-11-2023,CUST-1370,PROD-019,3,866.23,0,Completed
ORD-10511,2024-04-20,CUST-1124,PROD-006,4,3250.91,0,Completed
ORD-10512,16-02-2023,CUST-1252,PROD-022,4,353.39,0,Completed
ORD-10513,04/08/2023,CUST-1203,PROD-018,1,619.42,0,Returned
ORD-10514,07-04-2023,CUST-1283,PROD-001,3,1301.64,0,Completed
ORD-10515,06/01/2023,CUST-1282,PROD-013,1,444.82,0.05,Completed
ORD-10516,26-03-2023,CUST-1230,PROD-010,2,2884.85,0.2,Returned
ORD-10517,06/20/2023,CUST-1189,PROD-003,1,1580.15,0,Completed
ORD-10518,04/29/2024,,PROD-004,3,902.3,0,Completed
ORD-10519,2024-07-25,CUST-1272,PROD-003,3,1543.1,0,Completed
ORD-10520,03/25/2024,CUST-1132,PROD-007,,831.98,0,Completed
ORD-10521,05-05-2023,CUST-1268,PROD-017,3,2114.74,0.15,Completed
ORD-10522,2023-08-23,CUST-1018,PROD-014,2,621.57,0.15,Completed
ORD-10523,04-06-2023,CUST-1319,PROD-018,2,598.07,0,Returned
ORD-10524,2023-04-12,CUST-1121,PROD-010,2,2773.38,0,Cancelled
ORD-10525,2023-08-23,CUST-1031,PROD-011,1,2505.15,0.2,Completed
ORD-10526,01/03/2023,CUST-1330,PROD-008,1,1791.28,0.15,Completed
ORD-10527,03-04-2023,CUST-1311,PROD-009,4,455.92,0.2,Completed
ORD-10528,05-12-2023,CUST-1100,PROD-020,1,454.07,0.05,Completed
ORD-10529,2023-02-04,CUST-1107,PROD-015,1,7152.16,0.2,Completed
ORD-10530,12/24/2023,CUST-1321,PROD-019,4,923.12,0,Completed
ORD-10531,07-03-2024,CUST-1341,PROD-022,3,341.15,0,Completed
ORD-10532,04/06/2023,CUST-1292,PROD-025,2,872.79,0,Completed
ORD-10533,01/16/2024,CUST-1239,PROD-015,3,7012.25,0,Completed
ORD-10534,06/20/2024,CUST-1182,PROD-003,3,1538.84,0.1,Completed
ORD-10535,31-08-2023,CUST-1225,PROD-023,2,1668.33,0,Completed
ORD-10536,08/17/2023,CUST-1082,PROD-021,3,834.53,0,Completed
ORD-10537,26-08-2023,CUST-1178,PROD-007,1,762.35,0,Cancelled
ORD-10538,06-02-2024,CUST-1199,PROD-024,1,447.7,0,Completed
ORD-10539,2023-03-08,CUST-1205,PROD-001,1,1289.5,0.15,Completed
ORD-10540,22-11-2023,CUST-1273,PROD-014,1,584.4,0,Completed
ORD-10541,01-09-2024,CUST-1142,PROD-012,1,904.87,0,Completed
ORD-10542,04/05/2024,CUST-1182,PROD-008,1,1664.31,0,Completed
ORD-10543,09-04-2023,CUST-1179,PROD-019,3,913.89,0.1,Completed
ORD-10544,2023-06-03,CUST-1080,PROD-023,1,1625.56,0.05,Completed
ORD-10545,22-01-2023,CUST-1239,PROD-023,4,1579.82,0,Completed
ORD-10546,31-05-2023,CUST-1295,PROD-002,1,290.1,0,Completed
ORD-10547,14-08-2024,CUST-1090,PROD-002,1,308.32,0,Completed
ORD-10548,2023-05-31,CUST-1318,PROD-008,3,1829.26,0.05,Completed
ORD-10549,18-12-2023,CUST-1224,PROD-020,4,466.34,0,Completed
ORD-10550,02/20/2024,CUST-1155,PROD-017,1,2270.36,0.2,Completed
ORD-10551,01/28/2024,CUST-1196,PROD-021,3,810.31,0,Completed
ORD-10552,2024-01-22,CUST-1121,PROD-018,,592.57,0,Completed
ORD-10553,08/04/2023,CUST-1131,PROD-008,1,1692.55,0.05,Completed
ORD-10554,2023-09-19,CUST-1036,PROD-025,4,857.72,0,Completed
ORD-10555,01/20/2024,CUST-1071,PROD-002,,295.54,0,Completed
ORD-10556,05/29/2024,CUST-1189,PROD-006,4,3239.63,0.2,Completed
ORD-10557,08-09-2023,CUST-1113,PROD-019,1,921.1,0.05,Completed
ORD-10558,03/13/2023,CUST-1311,PROD-015,2,7020.86,0,Completed
ORD-10559,05-05-2023,CUST-1366,PROD-013,1,435.67,0,Completed
ORD-10560,2024-05-16,CUST-1362,PROD-002,2,311.72,0,Completed
ORD-10561,2024-02-25,CUST-1035,PROD-025,3,876.11,0,Completed
ORD-10562,2023-10-21,CUST-1348,PROD-012,4,922.07,0.2,Completed
ORD-10563,18-05-2024,CUST-1124,PROD-014,4,594.78,0.05,Completed
ORD-10564,03/06/2024,CUST-1206,PROD-024,2,450.88,0.05,Completed
ORD-10565,02/02/2024,CUST-1335,PROD-024,1,448.97,0,Returned
ORD-10566,02/12/2023,CUST-1107,PROD-016,3,1859.96,0.05,Completed
ORD-10567,30-11-2023,CUST-1074,PROD-017,3,2309.82,0.15,Completed
ORD-10568,02/14/2024,CUST-1388,PROD-003,2,1653.53,0.15,Completed
ORD-10569,03-11-2023,CUST-1005,PROD-014,2,594.46,0,Completed
ORD-10570,07/06/2023,CUST-1203,PROD-016,4,1872.65,0.2,Completed
ORD-10571,03/05/2024,CUST-1103,PROD-004,2,932.77,0.1,Completed
ORD-10572,2023-04-15,CUST-1192,PROD-014,2,596.07,0,Completed
ORD-10573,14-09-2023,CUST-1246,PROD-010,2,-999,0,Completed
ORD-10574,22-07-2023,,PROD-004,2,904.12,0,Completed
ORD-10575,2024-03-10,CUST-1069,PROD-016,1,1816.55,0.2,Completed
ORD-10576,13-08-2024,CUST-1178,PROD-025,2,922.2,0.05,Completed
ORD-10577,2024-08-28,CUST-1284,PROD-025,4,886.65,0,Completed
ORD-10578,05-06-2024,CUST-1081,PROD-018,3,591.54,0,Completed
ORD-10579,30-07-2024,CUST-1116,PROD-018,4,621.81,0.2,Completed
ORD-10580,2024-03-22,CUST-1178,PROD-018,3,594.96,0,Completed
ORD-10581,24-07-2023,CUST-1118,PROD-004,,884.84,0,Completed
ORD-10582,02/07/2024,CUST-1124,PROD-002,3,295.44,0.05,Completed
ORD-10583,05-02-2023,CUST-1358,PROD-019,1,924.43,0,Completed
ORD-10584,06/14/2024,CUST-1281,PROD-008,4,1809.57,0.2,Completed
ORD-10585,10/01/2023,CUST-1196,PROD-016,1,1959.52,0.2,Completed
ORD-10586,2024-09-14,CUST-1084,PROD-020,2,-999,0.2,Cancelled
ORD-10587,03-06-2024,CUST-1356,PROD-001,2,1244.77,0,Completed
ORD-10588,11/25/2023,CUST-1028,PROD-025,4,868.43,0,Returned
ORD-10589,04/26/2024,CUST-1118,PROD-006,2,3104.28,0.15,Completed
ORD-10590,2023-09-20,CUST-1255,PROD-009,3,453.8,0.2,Completed
ORD-10591,2023-09-21,CUST-1256,PROD-003,2,1661.11,0,Completed
ORD-10592,2024-09-03,CUST-1278,PROD-022,1,345.91,0,Completed
ORD-10593,2023-01-07,CUST-1203,PROD-013,4,431.37,0,Completed
ORD-10594,2023-04-16,CUST-1155,PROD-003,1,1524.34,0,Completed
ORD-10595,20-07-2024,CUST-1080,PROD-006,1,3199.72,0.05,Completed
ORD-10595,20-07-2024,CUST-1080,PROD-006,1,3199.72,0.05,Completed
ORD-10596,2024-07-14,CUST-1001,PROD-003,,1621.99,0,Completed
ORD-10597,2024-08-25,CUST-1074,PROD-001,2,1341.22,0.1,Completed
ORD-10598,08-03-2023,CUST-1036,PROD-011,3,2493.41,0,Completed
ORD-10599,14-03-2024,CUST-1364,PROD-003,3,1627.85,0,Completed
ORD-10600,06-04-2024,CUST-1358,PROD-001,3,1242.95,0.1,Completed
ORD-10601,11-04-2024,CUST-1306,PROD-023,1,1580.41,0,Completed
ORD-10602,26-06-2023,CUST-1128,PROD-018,4,626.46,0,Completed
ORD-10603,02/24/2024,CUST-1344,PROD-005,3,5245.63,0.1,Completed
ORD-10604,23-06-2023,CUST-1099,PROD-023,4,1599.44,0.1,Returned
ORD-10605,2024-07-12,CUST-1079,PROD-019,3,929.05,0.1,Completed
ORD-10606,2023-06-14,CUST-1351,PROD-012,1,902.27,0.1,Completed
ORD-10607,2023-03-17,CUST-1214,PROD-024,,444.29,0,Completed
ORD-10608,03/02/2024,CUST-1175,PROD-023,4,1604.99,0,Completed
ORD-10609,04/01/2024,CUST-1215,PROD-024,2,451.72,0.05,Completed
ORD-10610,04/17/2024,CUST-1221,PROD-019,2,934.54,0,Completed
ORD-10611,10/12/2023,CUST-1185,PROD-009,4,463.17,0.1,Completed
ORD-10612,05/29/2023,CUST-1364,PROD-017,2,2133.6,0.1,Completed
ORD-10613,05/26/2023,CUST-1217,PROD-012,1,938.17,0.05,Completed
ORD-10614,2023-10-13,CUST-1272,PROD-006,2,3155.8,0.1,Completed
ORD-10615,2023-10-26,CUST-1047,PROD-024,3,472.27,0.15,Completed
ORD-10616,06/13/2023,CUST-1268,PROD-016,3,1908.17,0.05,Completed
ORD-10617,04-09-2024,CUST-1342,PROD-019,4,875.34,0,Completed
ORD-10618,30-09-2024,CUST-1008,PROD-002,3,309.93,0,Completed
ORD-10619,2023-04-17,CUST-1391,PROD-016,4,1808.44,0,Completed
ORD-10620,2023-12-07,CUST-1024,PROD-006,2,3320.73,0,Completed
ORD-10621,2023-10-20,CUST-1155,PROD-009,2,429.81,0.2,Completed
ORD-10622,03/26/2023,CUST-1302,PROD-012,4,911.94,0,Completed
ORD-10623,13-05-2023,CUST-1167,PROD-007,2,809.48,0.15,Completed
ORD-10624,2024-07-02,CUST-1015,PROD-005,4,5224.56,0.1,Completed
ORD-10625,2023-01-17,CUST-1329,PROD-019,2,879.07,0,Completed
ORD-10626,2023-02-20,CUST-1325,PROD-020,1,450.58,0,Completed
ORD-10627,04-11-2023,CUST-1346,PROD-023,,1610.33,0,Cancelled
ORD-10628,2023-05-01,CUST-1261,PROD-024,3,433.57,0,Completed
ORD-10629,03/17/2024,CUST-1113,PROD-009,3,431.48,0.1,Completed
ORD-10630,15-07-2023,,PROD-021,2,771.52,0.15,Completed
ORD-10631,22-08-2024,CUST-1036,PROD-018,4,618.51,0.15,Completed
ORD-10632,2024-05-19,CUST-1134,PROD-005,1,4840.62,0.05,Completed
ORD-10633,17-08-2024,CUST-1171,PROD-009,4,456.06,0,Completed
ORD-10634,05/30/2024,CUST-1068,PROD-012,1,914.96,0.1,Completed
ORD-10635,2024-09-23,CUST-1105,PROD-003,4,1539.94,0,Completed
ORD-10636,09-04-2023,CUST-1340,PROD-025,2,892.17,0.15,Completed
ORD-10637,05/29/2023,CUST-1262,PROD-006,4,3298.05,0.1,Completed
ORD-10638,06-07-2023,CUST-1290,PROD-010,4,2792.9,0,Completed
ORD-10639,12-03-2024,CUST-1126,PROD-022,4,348.73,0.2,Completed
ORD-10640,02-11-2023,CUST-1229,PROD-003,3,1636.34,0.05,Completed
ORD-10641,09/27/2024,CUST-1009,PROD-012,2,857.76,0.05,Completed
ORD-10642,31-08-2023,,PROD-017,4,2123.55,0.2,Completed
ORD-10643,2023-01-30,CUST-1178,PROD-008,2,1790.88,0.15,Completed
ORD-10644,04/03/2024,CUST-1266,PROD-024,1,470.28,0,Completed
ORD-10645,2023-11-14,CUST-1163,PROD-011,4,2383.65,0,Completed
ORD-10646,21-09-2024,CUST-1178,PROD-022,2,353.81,0,Completed
ORD-10647,03/09/2024,CUST-1200,PROD-005,2,5006.75,0,Completed
ORD-10648,12-09-2023,CUST-1135,PROD-024,4,462.86,0.15,Completed
ORD-10649,03/02/2023,CUST-1027,PROD-002,2,308.55,0.05,Completed
ORD-10650,07/23/2023,CUST-1160,PROD-014,,593.65,0.1,Completed
ORD-10651,12-07-2023,CUST-1173,PROD-006,1,3059.25,0.2,Completed
ORD-10652,08-11-2023,CUST-1217,PROD-016,3,1880.05,0.2,Completed
ORD-10653,05/03/2023,CUST-1368,PROD-019,1,880.19,0.05,Completed
ORD-10654,2024-07-21,CUST-1162,PROD-017,4,2267.05,0.2,Completed
ORD-10655,02/10/2024,CUST-1094,PROD-007,1,779.38,0,Completed
ORD-10656,09/28/2023,CUST-1070,PROD-014,2,623.88,0.1,Returned
ORD-10657,2024-08-24,CUST-1122,PROD-007,4,763.28,0.05,Cancelled
ORD-10658,04/13/2023,CUST-1363,PROD-024,,428.26,0,Completed
ORD-10659,17-03-2023,CUST-1391,PROD-008,3,1706.4,0.05,Completed
ORD-10660,2023-04-27,CUST-1236,PROD-010,4,2708.1,0,Cancelled
ORD-10661,03/31/2023,CUST-1080,PROD-013,2,455.14,0.2,Completed
ORD-10662,02/15/2023,CUST-1320,PROD-021,1,-999,0.1,Completed
ORD-10663,05/02/2023,CUST-1317,PROD-011,,2424.66,0,Completed
ORD-10664,08/08/2023,CUST-1256,PROD-024,4,431.3,0.2,Completed
ORD-10665,02/10/2023,CUST-1361,PROD-007,4,760.36,0.2,Completed
ORD-10666,15-02-2023,CUST-1104,PROD-023,2,-999,0.15,Cancelled
ORD-10667,08/20/2023,CUST-1296,PROD-008,4,1741.8,0.2,Completed
ORD-10668,07/05/2024,CUST-1133,PROD-025,4,910.87,0,Cancelled
ORD-10669,17-09-2024,CUST-1152,PROD-002,3,291.75,0.2,Completed
ORD-10670,2023-05-12,CUST-1104,PROD-017,4,2128.11,0.1,Completed
ORD-10671,2023-04-12,CUST-1306,PROD-016,3,1924.77,0,Completed
ORD-10672,2023-03-25,CUST-1205,PROD-009,2,455.46,0.15,Completed
ORD-10673,12-02-2024,CUST-1091,PROD-014,2,571.45,0,Completed
ORD-10674,10/23/2023,CUST-1038,PROD-021,4,791.32,0.2,Completed
ORD-10675,02/21/2023,CUST-1233,PROD-021,4,837.6,0.05,Completed
ORD-10676,2023-02-02,CUST-1190,PROD-013,3,436.82,0.1,Completed
ORD-10677,13-06-2024,CUST-1069,PROD-012,3,931.88,0.1,Completed
ORD-10678,2023-05-06,CUST-1155,PROD-002,3,305.55,0,Completed
ORD-10679,01/07/2023,CUST-1012,PROD-016,2,1866.83,0,Completed
ORD-10680,03-02-2024,CUST-1071,PROD-015,2,7340.84,0,Completed
ORD-10681,01/30/2023,CUST-1230,PROD-009,4,428.31,0.15,Completed
ORD-10682,05/16/2023,,PROD-009,3,433.48,0.2,Completed
ORD-10683,10/01/2023,CUST-1276,PROD-006,1,3068.03,0.1,Completed
ORD-10684,05-11-2023,CUST-1107,PROD-007,1,797.13,0.2,Cancelled
ORD-10685,22-09-2023,CUST-1036,PROD-023,4,1528.87,0.1,Completed
ORD-10686,17-06-2023,CUST-1384,PROD-010,3,2780.99,0.2,Completed
ORD-10687,2023-08-20,CUST-1327,PROD-004,3,922.57,0.05,Completed
ORD-10688,12-09-2023,CUST-1293,PROD-020,2,429.58,0.15,Completed
ORD-10689,10/01/2023,CUST-1001,PROD-022,3,340.49,0.05,Completed
ORD-10690,12-05-2023,CUST-1332,PROD-025,2,904.19,0.05,Completed
ORD-10691,26-08-2023,CUST-1124,PROD-025,2,881.89,0.05,Completed
ORD-10692,2023-01-22,CUST-1128,PROD-022,3,360.62,0,Completed
ORD-10693,02/13/2023,CUST-1318,PROD-014,1,583.87,0.05,Completed
ORD-10694,04-09-2023,CUST-1257,PROD-018,2,625.15,0.2,Completed
,,,,,,,
ORD-10695,06/06/2023,CUST-1332,PROD-007,4,776.04,0,Completed
ORD-10696,16-09-2023,CUST-1031,PROD-010,2,2704.56,0.15,Completed
ORD-10697,04/14/2023,CUST-1340,PROD-013,2,454.48,0.05,Completed
ORD-10698,20-01-2023,,PROD-024,2,430.86,0,Completed
ORD-10699,23-08-2023,CUST-1162,PROD-011,,2507.12,0.1,Completed
ORD-10700,08/19/2024,CUST-1259,PROD-002,2,-999,0,Completed
ORD-10701,2023-07-21,CUST-1333,PROD-025,3,939.9,0.15,Completed
ORD-10702,2023-04-18,CUST-1230,PROD-023,2,1665.91,0,Completed
ORD-10703,22-03-2023,CUST-1313,PROD-014,2,622.18,0.15,Completed
ORD-10704,09-06-2024,CUST-1066,PROD-015,2,6774.65,0.1,Completed
ORD-10705,19-09-2024,CUST-1162,PROD-003,3,1645.53,0,Completed
ORD-10706,2024-08-18,CUST-1046,PROD-025,4,908.14,0.05,Completed
ORD-10707,05/24/2023,CUST-1173,PROD-015,4,6967.73,0,Completed
ORD-10708,07-02-2023,CUST-1229,PROD-002,4,298.1,0,Completed
ORD-10709,06/23/2023,CUST-1209,PROD-014,2,583.69,0,Completed
ORD-10710,01-01-2024,CUST-1230,PROD-024,3,461.94,0,Completed
ORD-10711,04/05/2023,CUST-1292,PROD-011,4,2382.15,0.1,Completed
ORD-10712,11/16/2023,CUST-1303,PROD-008,1,1663.53,0,Completed
ORD-10713,2023-04-13,CUST-1008,PROD-014,1,608.91,0,Completed
ORD-10714,01-05-2023,CUST-1251,PROD-009,1,466.6,0.1,Completed
ORD-10715,06/19/2023,CUST-1307,PROD-025,4,881.27,0,Completed
ORD-10716,05-03-2023,CUST-1249,PROD-009,3,441.24,0.05,Completed
ORD-10717,10/10/2023,CUST-1155,PROD-020,1,430.88,0,Completed
ORD-10718,18-10-2023,CUST-1036,PROD-019,3,-999,0.1,Completed
ORD-10719,15-04-2023,CUST-1344,PROD-019,1,913.36,0,Completed
ORD-10720,14-07-2024,CUST-1316,PROD-011,3,2567.93,0.2,Returned
ORD-10721,03/19/2023,CUST-1312,PROD-009,2,456.35,0.2,Completed
ORD-10722,30-12-2023,CUST-1121,PROD-007,1,793.34,0,Returned
ORD-10723,2023-12-16,CUST-1168,PROD-014,2,576.9,0,Completed
ORD-10724,02/18/2024,CUST-1283,PROD-015,4,7335.3,0.1,Returned
ORD-10725,18-12-2023,,PROD-024,1,469.25,0,Completed
ORD-10726,2024-03-30,CUST-1155,PROD-018,1,570.77,0,Completed
ORD-10727,08/06/2023,CUST-1174,PROD-018,2,582.99,0,Completed
ORD-10728,2024-08-24,CUST-1113,PROD-011,2,2536.89,0,Completed
ORD-10729,01/31/2024,CUST-1071,PROD-004,4,932.46,0.05,Completed
ORD-10730,2024-02-29,CUST-1038,PROD-012,1,913.64,0,Completed
ORD-10731,2023-08-31,CUST-1007,PROD-023,4,1594.18,0.15,Completed
ORD-10732,2024-08-29,CUST-1005,PROD-009,3,437.02,0,Completed
ORD-10733,2023-01-03,CUST-1209,PROD-009,3,460.59,0,Completed
ORD-10734,2024-04-26,CUST-1076,PROD-006,1,3162.55,0.2,Returned
ORD-10735,2023-03-10,CUST-1218,PROD-007,3,821.7,0.15,Completed
ORD-10736,04/13/2023,CUST-1391,PROD-023,2,1667.25,0.2,Completed
ORD-10737,12-05-2023,CUST-1205,PROD-012,4,928.61,0,Completed
ORD-10738,2023-02-12,CUST-1273,PROD-018,2,570.78,0,Completed
ORD-10739,2024-05-31,CUST-1303,PROD-001,3,1287.92,0.2,Completed
ORD-10740,23-01-2024,CUST-1149,PROD-015,1,6773.09,0.1,Completed
ORD-10741,08/21/2024,CUST-1357,PROD-013,1,456.01,0.15,Completed
ORD-10742,2023-02-09,CUST-1176,PROD-025,1,867.45,0.05,Completed
ORD-10743,19-02-2023,CUST-1202,PROD-012,3,931.37,0,Completed
ORD-10744,28-02-2024,CUST-1291,PROD-001,4,1359.87,0,Completed
ORD-10745,07/23/2024,CUST-1198,PROD-025,3,860.55,0,Completed
ORD-10746,08-12-2023,CUST-1104,PROD-009,1,446.08,0.05,Cancelled
ORD-10747,2023-11-03,CUST-1121,PROD-020,2,451.6,0,Completed
ORD-10748,07/23/2023,CUST-1091,PROD-024,3,446.7,0,Completed
ORD-10749,2023-05-07,CUST-1069,PROD-015,,7104.64,0,Completed
ORD-10750,11/24/2023,CUST-1199,PROD-018,4,584.46,0.15,Completed
ORD-10751,2023-05-21,CUST-1300,PROD-019,,885.47,0.15,Completed
ORD-10752,03/22/2023,CUST-1153,PROD-016,2,1979.82,0.15,Completed
ORD-10753,04/01/2023,CUST-1224,PROD-016,3,1943.04,0.1,Completed
ORD-10754,28-10-2023,CUST-1044,PROD-018,,624.7,0,Completed
ORD-10755,30-03-2024,CUST-1036,PROD-017,4,2160.0,0,Completed
ORD-10756,14-06-2023,CUST-1278,PROD-009,2,454.9,0.1,Completed
ORD-10757,08-01-2024,CUST-1138,PROD-002,,-999,0.15,Completed
ORD-10758,12/24/2023,CUST-1155,PROD-012,1,939.66,0.1,Completed
ORD-10759,02/25/2023,CUST-1386,PROD-009,4,464.52,0,Completed
ORD-10760,01/08/2023,CUST-1205,PROD-013,4,440.49,0.2,Completed
ORD-10761,09/28/2024,CUST-1318,PROD-019,4,-999,0,Completed
ORD-10762,15-01-2023,,PROD-015,3,7149.49,0.15,Completed
ORD-10763,27-07-2024,CUST-1196,PROD-001,1,1348.64,0.05,Completed
ORD-10764,14-11-2023,CUST-1295,PROD-016,1,1895.05,0,Completed
ORD-10765,2023-06-20,CUST-1299,PROD-010,4,2824.42,0,Cancelled
ORD-10766,01/29/2023,CUST-1389,PROD-025,1,910.36,0,Completed
ORD-10767,10-03-2024,CUST-1190,PROD-021,1,777.04,0,Completed
ORD-10768,28-03-2023,CUST-1195,PROD-011,4,2405.59,0,Completed
ORD-10769,04-03-2024,CUST-1101,PROD-012,1,894.01,0,Cancelled
ORD-10770,2023-11-01,CUST-1196,PROD-004,1,912.85,0,Completed
ORD-10771,2024-07-29,CUST-1192,PROD-019,2,910.57,0,Completed
ORD-10772,23-11-2023,CUST-1290,PROD-001,3,1242.62,0,Completed
ORD-10773,2023-02-01,CUST-1150,PROD-003,2,1654.73,0,Completed
ORD-10774,15-06-2023,CUST-1242,PROD-008,1,-999,0.1,Completed
ORD-10775,05/02/2023,CUST-1305,PROD-020,4,466.31,0.05,Returned
ORD-10776,03-01-2023,CUST-1262,PROD-015,,7005.46,0,Completed
ORD-10777,02-01-2023,,PROD-007,3,829.19,0,Completed
ORD-10778,21-02-2023,CUST-1343,PROD-004,4,880.43,0,Completed
ORD-10779,01/01/2023,CUST-1340,PROD-018,3,617.95,0,Completed
ORD-10780,2024-07-20,CUST-1252,PROD-020,4,433.55,0.05,Completed
ORD-10781,04/18/2023,CUST-1359,PROD-017,1,2222.62,0,Completed
ORD-10782,04/02/2023,CUST-1206,PROD-007,1,761.07,0.15,Completed
ORD-10783,2024-01-10,CUST-1011,PROD-001,2,1299.96,0,Completed
ORD-10784,25-05-2023,CUST-1134,PROD-011,2,2544.88,0,Completed
ORD-10785,16-03-2024,CUST-1348,PROD-010,2,2928.33,0,Completed
ORD-10786,2023-01-28,CUST-1282,PROD-006,1,3231.62,0.2,Completed
ORD-10787,2023-05-31,CUST-1174,PROD-023,2,1648.26,0.1,Completed
ORD-10788,29-08-2024,CUST-1027,PROD-018,4,586.27,0.1,Completed
ORD-10789,02/02/2024,CUST-1131,PROD-011,3,2399.85,0.15,Completed
ORD-10790,09/02/2024,CUST-1103,PROD-023,1,1661.43,0,Completed
ORD-10791,2024-04-15,CUST-1065,PROD-020,1,452.13,0.2,Completed
ORD-10792,2023-04-19,CUST-1227,PROD-010,1,2883.79,0,Completed
ORD-10793,2024-01-18,CUST-1238,PROD-025,3,927.48,0,Completed
ORD-10794,2023-05-22,CUST-1120,PROD-010,2,2751.48,0,Completed
ORD-10795,11/13/2023,CUST-1028,PROD-015,1,6727.39,0,Completed
ORD-10796,2023-01-17,CUST-1317,PROD-005,3,4854.81,0.15,Completed
ORD-10797,06/20/2023,CUST-1261,PROD-025,,878.17,0.05,Cancelled
ORD-10798,13-11-2023,CUST-1028,PROD-003,3,1560.63,0,Completed
ORD-10799,2023-09-20,CUST-1142,PROD-014,4,616.56,0,Completed
ORD-10800,12-07-2023,CUST-1040,PROD-009,2,-999,0.15,Completed
ORD-10801,12/28/2023,CUST-1036,PROD-011,1,2555.05,0,Completed
ORD-10802,03/27/2024,CUST-1263,PROD-003,2,1577.46,0,Completed
ORD-10803,2023-05-06,CUST-1188,PROD-005,3,5109.22,0.1,Completed
ORD-10804,07/28/2023,CUST-1192,PROD-013,2,451.5,0,Completed
ORD-10805,13-10-2023,CUST-1313,PROD-002,3,312.09,0,Completed
ORD-10806,23-11-2023,CUST-1036,PROD-024,1,464.37,0,Completed
ORD-10807,2023-06-02,CUST-1205,PROD-025,,876.34,0.1,Completed
ORD-10808,2023-03-11,CUST-1205,PROD-006,3,3336.78,0.15,Completed
ORD-10809,12/04/2023,CUST-1226,PROD-018,3,583.92,0,Completed
ORD-10810,2024-05-06,CUST-1198,PROD-007,4,809.8,0,Completed
ORD-10811,03/27/2023,CUST-1353,PROD-006,3,3136.78,0.2,Completed
ORD-10812,26-05-2023,CUST-1301,PROD-002,3,308.09,0,Completed
ORD-10813,2024-04-10,CUST-1162,PROD-025,4,862.48,0,Completed
ORD-10814,2023-08-04,CUST-1342,PROD-004,2,856.97,0.15,Completed
ORD-10815,2023-10-24,CUST-1258,PROD-018,4,628.67,0.2,Completed
ORD-10816,2023-05-01,CUST-1311,PROD-003,4,1589.65,0,Completed
ORD-10817,14-02-2023,CUST-1242,PROD-003,2,1577.66,0,Completed
ORD-10818,02-04-2023,CUST-1128,PROD-013,1,446.13,0,Completed
ORD-10819,05/11/2023,CUST-1010,PROD-011,1,2556.52,0.2,Completed
ORD-10820,02/16/2023,CUST-1385,PROD-015,4,6885.79,0.2,Completed
ORD-10821,26-08-2023,CUST-1038,PROD-021,4,760.94,0.05,Completed
ORD-10822,11-06-2023,CUST-1229,PROD-023,3,1527.26,0,Completed
ORD-10823,08/03/2023,CUST-1107,PROD-022,2,351.12,0.15,Returned
ORD-10824,27-06-2024,CUST-1196,PROD-012,2,878.78,0,Completed
ORD-10825,02-08-2024,CUST-1105,PROD-014,3,-999,0,Completed
ORD-10826,05/05/2024,CUST-1237,PROD-001,3,1334.26,0,Completed
ORD-10827,2024-03-06,CUST-1102,PROD-017,2,2290.69,0.15,Returned
ORD-10828,03/12/2023,CUST-1036,PROD-008,4,1665.4,0.05,Cancelled
ORD-10829,30-08-2023,CUST-1211,PROD-004,2,881.91,0,Completed
ORD-10830,06/01/2023,CUST-1061,PROD-006,3,3291.25,0.05,Completed
ORD-10831,30-03-2023,CUST-1308,PROD-023,3,1534.06,0,Returned
ORD-10832,06/19/2024,CUST-1065,PROD-015,3,6828.67,0.05,Completed
ORD-10833,2024-02-17,CUST-1207,PROD-024,,455.15,0.15,Completed
ORD-10834,2023-10-14,,PROD-006,3,3200.57,0.2,Completed
ORD-10835,14-08-2023,CUST-1274,PROD-024,4,454.48,0,Completed
ORD-10836,07-04-2024,CUST-1235,PROD-006,4,3197.55,0,Cancelled
ORD-10837,11-01-2024,CUST-1124,PROD-001,2,1246.52,0,Completed
ORD-10838,2023-05-14,CUST-1038,PROD-012,1,934.09,0,Completed
ORD-10839,2023-09-15,CUST-1171,PROD-015,4,7189.88,0.1,Completed
ORD-10840,07-02-2024,CUST-1162,PROD-005,4,5244.99,0.05,Completed
ORD-10841,07/16/2024,CUST-1015,PROD-006,4,3091.99,0.2,Completed
ORD-10842,2024-06-15,CUST-1092,PROD-024,4,457.57,0.05,Completed
ORD-10843,06-03-2023,CUST-1209,PROD-015,1,7040.4,0,Completed
ORD-10844,29-01-2024,CUST-1071,PROD-017,2,2136.34,0.05,Completed
ORD-10845,2023-08-18,CUST-1284,PROD-002,4,304.04,0,Completed
ORD-10846,2023-11-09,CUST-1109,PROD-018,1,612.39,0.1,Cancelled
ORD-10847,07-03-2023,CUST-1207,PROD-016,2,1865.98,0,Completed
ORD-10848,09/29/2024,CUST-1281,PROD-023,1,1610.7,0,Completed
ORD-10849,02-12-2023,CUST-1152,PROD-002,1,307.95,0.15,Completed
ORD-10850,03-04-2023,CUST-1380,PROD-006,2,3209.92,0.2,Completed
ORD-10851,01/05/2024,CUST-1092,PROD-012,3,916.1,0,Cancelled
ORD-10852,2024-03-21,CUST-1080,PROD-021,3,825.22,0,Completed
ORD-10853,14-03-2023,CUST-1205,PROD-017,2,2145.44,0.1,Completed
ORD-10854,08-06-2023,CUST-1310,PROD-007,2,791.68,0,Completed
ORD-10855,2023-06-14,CUST-1056,PROD-009,1,-999,0.05,Completed
ORD-10856,05-06-2023,CUST-1261,PROD-022,2,348.89,0,Completed
ORD-10857,15-01-2024,CUST-1107,PROD-009,3,458.28,0.1,Completed
ORD-10858,2024-01-25,CUST-1214,PROD-025,4,897.35,0,Completed
ORD-10859,01/03/2024,CUST-1059,PROD-001,1,1347.61,0,Completed
ORD-10860,08/15/2024,CUST-1119,PROD-023,4,1546.12,0.2,Completed
ORD-10861,04/24/2024,CUST-1282,PROD-012,4,854.84,0.15,Completed
ORD-10862,08/26/2024,CUST-1026,PROD-024,4,445.86,0.2,Completed
ORD-10863,10/06/2023,CUST-1025,PROD-022,3,343.83,0.2,Completed
ORD-10864,2024-04-26,CUST-1393,PROD-020,3,467.49,0.05,Completed
ORD-10865,2024-06-16,CUST-1192,PROD-004,1,873.63,0.15,Returned
ORD-10866,2024-07-04,CUST-1290,PROD-007,4,818.56,0.05,Completed
ORD-10867,2024-08-31,CUST-1293,PROD-007,3,-999,0.15,Completed
ORD-10868,2023-03-12,CUST-1356,PROD-021,1,809.56,0,Completed
ORD-10869,01-03-2023,CUST-1311,PROD-009,4,434.95,0,Completed
ORD-10870,2023-02-26,CUST-1330,PROD-015,3,6753.57,0.2,Completed
ORD-10871,02/23/2023,CUST-1244,PROD-021,1,804.0,0,Completed
ORD-10872,29-06-2024,CUST-1354,PROD-009,2,458.74,0.1,Completed
ORD-10873,03-06-2023,CUST-1124,PROD-015,3,7245.86,0,Returned
ORD-10874,2024-03-07,CUST-1124,PROD-006,2,3156.59,0.2,Completed
ORD-10875,2023-06-27,CUST-1282,PROD-011,4,2586.07,0,Completed
ORD-10876,14-04-2023,CUST-1231,PROD-019,1,895.16,0.1,Completed
ORD-10877,08/20/2023,CUST-1119,PROD-012,2,872.63,0,Completed
ORD-10878,12/19/2023,CUST-1174,PROD-016,3,1893.41,0.1,Completed
ORD-10879,10-04-2023,CUST-1351,PROD-019,4,901.13,0.15,Completed
ORD-10880,2024-07-05,,PROD-001,1,1306.91,0,Completed
ORD-10881,05/04/2024,CUST-1031,PROD-022,,355.79,0,Completed
ORD-10882,2023-07-02,CUST-1070,PROD-014,1,597.06,0,Completed
ORD-10883,2024-01-12,CUST-1391,PROD-014,2,585.08,0,Completed
ORD-10884,2023-02-11,CUST-1210,PROD-023,2,1524.53,0.1,Completed
ORD-10885,29-09-2023,CUST-1224,PROD-010,2,2894.87,0,Completed
ORD-10886,09-05-2023,CUST-1102,PROD-024,3,-999,0,Completed
ORD-10887,05/26/2024,CUST-1155,PROD-018,4,614.17,0.1,Completed
ORD-10888,23-08-2024,CUST-1284,PROD-016,4,1895.74,0.1,Completed
ORD-10889,02/20/2024,CUST-1071,PROD-004,4,940.93,0.15,Completed
ORD-10890,2024-04-19,CUST-1181,PROD-018,2,594.44,0.05,Returned
ORD-10891,12/22/2023,,PROD-018,4,587.49,0.2,Returned
ORD-10892,06/07/2024,CUST-1174,PROD-004,4,873.56,0,Completed
ORD-10893,06/21/2023,CUST-1308,PROD-009,2,432.45,0.2,Completed
,,,,,,,
ORD-10894,2023-07-24,CUST-1363,PROD-011,4,2463.96,0,Completed
ORD-10895,2024-05-01,CUST-1136,PROD-018,2,575.59,0.2,Completed
ORD-10896,2024-08-01,CUST-1221,PROD-011,4,2569.08,0,Completed
ORD-10897,05-06-2024,CUST-1027,PROD-017,3,2116.07,0,Completed
ORD-10898,29-07-2023,CUST-1008,PROD-007,2,800.9,0,Completed
ORD-10899,2024-04-08,CUST-1155,PROD-014,3,579.66,0,Completed
ORD-10900,27-03-2023,CUST-1209,PROD-015,1,6663.6,0,Completed
ORD-10901,2023-02-26,CUST-1283,PROD-020,1,434.21,0,Completed
ORD-10902,06/25/2023,CUST-1023,PROD-013,4,439.03,0.15,Completed
ORD-10903,2024-01-03,CUST-1028,PROD-015,3,6722.05,0.15,Completed
ORD-10904,15-10-2023,CUST-1055,PROD-007,4,829.98,0.05,Completed
ORD-10905,07-02-2023,CUST-1222,PROD-020,2,433.29,0,Completed
ORD-10906,02/21/2024,CUST-1334,PROD-001,1,1357.28,0.2,Completed
ORD-10907,24-04-2023,CUST-1192,PROD-015,2,6753.34,0.2,Completed
ORD-10908,2023-10-15,CUST-1112,PROD-002,3,292.48,0.15,Completed
ORD-10909,02/02/2023,CUST-1199,PROD-013,4,433.55,0.2,Completed
ORD-10910,2024-01-31,CUST-1027,PROD-018,1,584.1,0.1,Completed
ORD-10911,01/12/2023,CUST-1308,PROD-007,3,764.71,0,Completed
ORD-10912,2023-07-29,CUST-1227,PROD-016,3,1912.65,0.2,Completed
ORD-10913,2024-03-18,CUST-1262,PROD-009,1,-999,0,Completed
ORD-10914,2023-08-26,CUST-1084,PROD-005,4,5085.5,0.15,Completed
ORD-10915,08/19/2023,CUST-1115,PROD-010,2,2800.53,0,Completed
ORD-10916,20-01-2023,CUST-1242,PROD-024,4,456.13,0,Completed
ORD-10917,05/24/2024,CUST-1091,PROD-021,3,831.79,0.05,Completed
ORD-10918,07/01/2023,CUST-1033,PROD-019,3,924.19,0.15,Cancelled
ORD-10919,2023-06-09,CUST-1069,PROD-025,1,896.5,0.15,Completed
ORD-10920,2024-02-14,CUST-1242,PROD-003,1,1559.74,0,Returned
ORD-10921,2023-04-11,CUST-1307,PROD-016,4,1870.69,0,Completed
ORD-10922,01/30/2023,CUST-1318,PROD-020,2,456.82,0,Completed
ORD-10923,2023-12-05,CUST-1003,PROD-022,3,365.19,0.15,Completed
ORD-10924,01/23/2023,CUST-1397,PROD-010,2,2852.4,0.15,Completed
ORD-10925,29-01-2023,CUST-1380,PROD-003,2,1584.09,0.2,Completed
ORD-10926,2023-07-24,CUST-1312,PROD-003,1,1601.33,0.1,Completed
ORD-10927,20-05-2023,CUST-1216,PROD-017,4,2201.23,0,Completed
ORD-10928,02/08/2023,CUST-1374,PROD-016,3,1990.26,0.05,Completed
ORD-10929,28-01-2024,CUST-1260,PROD-007,4,799.26,0,Completed
ORD-10930,2023-05-15,CUST-1389,PROD-001,4,1351.33,0,Completed
ORD-10931,04/10/2023,,PROD-018,3,605.2,0,Completed
ORD-10932,2023-03-15,CUST-1206,PROD-018,4,-999,0.05,Completed
ORD-10933,2024-04-20,CUST-1395,PROD-017,,2188.02,0,Completed
ORD-10934,17-02-2024,CUST-1222,PROD-021,2,836.73,0.05,Completed
ORD-10935,02/13/2024,CUST-1069,PROD-015,3,7028.62,0.15,Completed
ORD-10936,2023-12-08,CUST-1072,PROD-010,3,2781.48,0,Completed
ORD-10937,08/04/2023,CUST-1378,PROD-015,1,7256.43,0.2,Completed
ORD-10938,03/05/2024,CUST-1158,PROD-006,1,3200.32,0,Completed
ORD-10939,06/12/2024,CUST-1160,PROD-014,3,585.66,0.05,Completed
ORD-10940,08/17/2023,CUST-1107,PROD-020,1,454.58,0.1,Completed
ORD-10941,05/11/2023,,PROD-022,2,333.37,0.05,Completed
ORD-10942,2023-06-20,CUST-1284,PROD-001,3,1251.66,0,Completed
ORD-10943,2024-02-14,CUST-1242,PROD-010,3,2854.26,0.1,Completed
ORD-10944,03/27/2023,CUST-1386,PROD-016,1,1858.95,0,Completed
ORD-10945,2024-09-10,,PROD-005,4,5217.99,0.05,Completed
ORD-10946,2023-06-05,CUST-1119,PROD-025,3,876.55,0.2,Completed
ORD-10947,04/26/2023,CUST-1085,PROD-008,4,1717.17,0,Completed
ORD-10948,2024-03-13,CUST-1215,PROD-020,4,440.04,0.15,Completed
ORD-10949,03/15/2023,CUST-1399,PROD-016,1,1871.14,0,Completed
ORD-10950,06/19/2024,CUST-1313,PROD-012,4,895.89,0,Completed
ORD-10951,2023-10-18,CUST-1271,PROD-011,,2602.9,0,Returned
ORD-10952,20-09-2024,CUST-1256,PROD-023,2,1652.15,0.15,Completed
ORD-10953,04/28/2023,CUST-1180,PROD-023,4,1625.45,0,Completed
ORD-10954,2023-03-13,CUST-1269,PROD-023,4,1631.31,0,Completed
ORD-10955,2023-05-18,CUST-1206,PROD-005,2,4965.5,0.15,Completed
ORD-10956,08-12-2023,CUST-1162,PROD-003,4,1661.82,0.15,Completed
ORD-10957,13-05-2023,CUST-1259,PROD-005,4,5219.41,0.05,Completed
ORD-10958,09/20/2023,CUST-1115,PROD-004,4,892.67,0.2,Completed
ORD-10959,2023-06-12,CUST-1352,PROD-017,1,2214.39,0,Completed
ORD-10960,2024-09-24,CUST-1128,PROD-025,3,879.32,0.05,Completed
ORD-10961,2023-09-23,CUST-1019,PROD-015,4,-999,0.2,Returned
ORD-10962,2023-06-09,CUST-1046,PROD-008,1,1756.66,0.2,Completed
ORD-10963,22-01-2024,CUST-1066,PROD-024,1,434.14,0.15,Returned
ORD-10964,13-09-2024,CUST-1028,PROD-007,1,-999,0.1,Completed
ORD-10965,2023-10-31,CUST-1174,PROD-023,1,1585.42,0.15,Completed
ORD-10966,03/13/2024,CUST-1039,PROD-011,,2586.32,0,Completed
ORD-10967,22-12-2023,CUST-1360,PROD-015,4,-999,0,Completed
ORD-10968,24-06-2023,CUST-1227,PROD-014,4,606.93,0,Completed
ORD-10969,06/28/2023,CUST-1330,PROD-005,2,5111.35,0,Completed
ORD-10970,05-10-2023,CUST-1371,PROD-003,3,1561.23,0,Completed
ORD-10971,2023-12-23,CUST-1111,PROD-005,3,4803.05,0.2,Completed
ORD-10972,15-05-2023,CUST-1371,PROD-015,3,7148.69,0,Completed
ORD-10973,2023-02-17,CUST-1068,PROD-003,4,1593.23,0,Completed
ORD-10974,09/11/2024,CUST-1092,PROD-007,2,-999,0.15,Completed
ORD-10975,04/21/2023,CUST-1192,PROD-001,1,1294.98,0,Completed
ORD-10976,18-03-2023,CUST-1206,PROD-012,4,878.94,0.1,Completed
ORD-10977,12/30/2023,CUST-1110,PROD-007,2,783.69,0.05,Completed
ORD-10978,04/25/2024,CUST-1357,PROD-022,3,339.3,0.1,Completed
ORD-10979,20-05-2023,CUST-1317,PROD-008,,1726.83,0.15,Completed
ORD-10980,14-02-2024,CUST-1164,PROD-014,1,574.87,0,Completed
ORD-10981,2024-08-21,CUST-1279,PROD-001,2,-999,0.1,Completed
ORD-10982,12/22/2023,CUST-1030,PROD-024,1,453.94,0,Completed
ORD-10983,01/06/2024,CUST-1045,PROD-024,2,-999,0.05,Completed
ORD-10984,2024-07-01,CUST-1062,PROD-002,2,292.32,0,Completed
ORD-10985,05/12/2023,CUST-1314,PROD-023,2,1657.96,0.05,Completed
ORD-10986,05-02-2023,CUST-1248,PROD-020,3,441.03,0.1,Completed
ORD-10987,2023-12-12,CUST-1178,PROD-001,3,1287.92,0.15,Completed
ORD-10988,2024-03-24,CUST-1190,PROD-003,1,1620.91,0,Completed
ORD-10989,08/18/2023,CUST-1368,PROD-015,2,7046.5,0.2,Completed
ORD-10990,2023-04-03,CUST-1173,PROD-021,1,819.85,0.1,Completed
ORD-10991,2023-01-27,CUST-1340,PROD-009,3,459.55,0,Completed
ORD-10992,15-10-2023,CUST-1242,PROD-020,2,469.42,0,Completed
ORD-10993,2023-05-12,CUST-1229,PROD-013,1,454.8,0,Completed
ORD-10994,13-10-2023,CUST-1134,PROD-012,4,869.39,0.1,Completed
ORD-10995,10/08/2023,CUST-1162,PROD-008,3,1791.96,0,Completed
ORD-10996,2023-12-14,CUST-1272,PROD-013,1,429.75,0,Completed
ORD-10997,2023-07-04,,PROD-004,2,919.53,0,Completed
ORD-10998,05/20/2024,CUST-1179,PROD-018,1,601.65,0.2,Completed
ORD-10999,04/12/2023,CUST-1302,PROD-011,3,2562.68,0.15,Completed
ORD-11000,2024-07-26,CUST-1017,PROD-023,4,-999,0.2,Cancelled
ORD-11001,03/07/2024,CUST-1306,PROD-013,2,467.23,0,Completed
ORD-11002,2023-01-24,CUST-1361,PROD-018,2,575.53,0.15,Completed
ORD-11003,22-01-2023,CUST-1192,PROD-024,2,439.54,0.2,Completed
ORD-11004,2024-02-01,CUST-1295,PROD-023,4,1567.92,0.15,Cancelled
ORD-11005,09/10/2024,CUST-1068,PROD-001,,1242.62,0,Completed
ORD-11006,16-04-2023,CUST-1263,PROD-005,3,4838.59,0.1,Completed
ORD-11007,05/15/2023,CUST-1269,PROD-024,3,448.01,0,Completed
ORD-11008,16-12-2023,CUST-1010,PROD-020,1,430.99,0,Completed
ORD-11009,02/16/2023,CUST-1330,PROD-004,2,916.31,0,Completed
ORD-11010,2023-05-07,CUST-1192,PROD-023,2,1663.73,0.2,Completed
ORD-11011,06/02/2023,CUST-1373,PROD-012,4,938.54,0.2,Completed
ORD-11012,2023-05-12,CUST-1283,PROD-004,1,912.83,0.05,Completed
ORD-11013,05-01-2023,CUST-1353,PROD-012,4,889.97,0.05,Completed
ORD-11014,2023-07-22,CUST-1075,PROD-012,3,889.86,0.15,Completed
ORD-11015,15-02-2023,CUST-1112,PROD-021,2,825.36,0,Completed
ORD-11016,04/29/2023,CUST-1190,PROD-005,2,5247.25,0.05,Completed
ORD-11017,2023-03-25,CUST-1340,PROD-005,4,5076.56,0,Returned
ORD-11018,19-05-2023,CUST-1350,PROD-019,1,933.26,0.2,Completed
ORD-11019,12-03-2024,CUST-1080,PROD-007,1,788.56,0.1,Completed
ORD-11020,04/29/2023,CUST-1064,PROD-011,4,2488.55,0.05,Completed
ORD-11021,2023-05-27,CUST-1400,PROD-006,4,3330.42,0,Completed
ORD-11022,08-09-2023,CUST-1104,PROD-016,4,1819.63,0.2,Completed
ORD-11023,03/04/2023,CUST-1231,PROD-011,3,2490.01,0,Completed
ORD-11024,08/15/2023,CUST-1253,PROD-019,2,870.58,0,Completed
ORD-11025,05-02-2023,CUST-1308,PROD-011,3,2485.64,0,Completed
ORD-11026,2024-05-31,CUST-1010,PROD-012,3,914.07,0,Completed
ORD-11027,2023-06-16,CUST-1384,PROD-009,2,445.32,0,Cancelled
ORD-11028,10/08/2023,CUST-1251,PROD-022,1,352.5,0,Completed
ORD-11029,05/05/2023,CUST-1297,PROD-018,3,-999,0.2,Completed
ORD-11030,2024-01-20,CUST-1240,PROD-006,4,3291.16,0,Completed
ORD-11031,12-06-2024,CUST-1124,PROD-008,1,1716.65,0,Completed
ORD-11032,2024-03-20,CUST-1038,PROD-006,3,3306.31,0,Returned
ORD-11033,06-03-2023,CUST-1357,PROD-002,4,308.7,0,Completed
ORD-11034,02/03/2024,CUST-1027,PROD-018,4,613.5,0.15,Completed
ORD-11035,2024-03-11,CUST-1400,PROD-004,1,903.06,0.05,Completed
ORD-11036,2023-06-20,,PROD-023,4,1536.6,0,Completed
ORD-11037,22-04-2024,CUST-1256,PROD-001,1,1238.81,0,Returned
ORD-11038,02/27/2024,CUST-1027,PROD-010,,2844.45,0.05,Returned
ORD-11039,01/08/2023,CUST-1014,PROD-024,1,432.61,0.05,Completed
ORD-11040,29-05-2023,CUST-1361,PROD-012,,917.88,0.05,Completed
ORD-11041,07/20/2023,CUST-1039,PROD-010,2,2832.91,0,Completed
ORD-11042,2023-03-05,CUST-1155,PROD-012,2,871.52,0,Completed
ORD-11043,2024-03-14,CUST-1332,PROD-004,3,932.99,0,Completed
ORD-11044,01/12/2024,CUST-1007,PROD-001,3,1258.04,0,Completed
ORD-11045,04/11/2024,CUST-1002,PROD-021,1,807.11,0,Completed
ORD-11046,02/25/2023,CUST-1338,PROD-002,1,312.03,0,Cancelled
ORD-11047,08/19/2023,CUST-1167,PROD-008,1,1794.19,0.1,Completed
ORD-11048,25-04-2023,CUST-1373,PROD-010,2,2714.75,0,Completed
ORD-11049,2023-12-05,CUST-1028,PROD-001,4,1280.99,0.1,Completed
ORD-11050,27-03-2024,CUST-1038,PROD-014,4,573.29,0.05,Completed
ORD-11051,20-04-2023,CUST-1167,PROD-020,1,450.09,0.1,Completed
ORD-11052,22-06-2023,CUST-1386,PROD-012,3,868.41,0.15,Completed
ORD-11053,27-07-2024,CUST-1128,PROD-016,3,1977.88,0,Completed
ORD-11054,02/11/2023,CUST-1243,PROD-025,2,917.11,0,Cancelled
ORD-11055,14-08-2023,CUST-1070,PROD-011,3,2395.12,0,Completed
ORD-11056,2023-12-15,CUST-1027,PROD-019,4,875.78,0.1,Completed
ORD-11057,09-12-2023,CUST-1297,PROD-013,4,459.13,0,Completed
ORD-11058,03-02-2023,CUST-1333,PROD-003,1,1618.72,0,Completed
ORD-11059,23-02-2024,CUST-1013,PROD-011,2,2571.29,0,Completed
ORD-11060,2023-06-26,CUST-1262,PROD-003,2,1526.08,0,Completed
ORD-11061,09-08-2023,CUST-1092,PROD-013,3,430.36,0,Completed
ORD-11062,2024-07-20,CUST-1287,PROD-024,3,469.82,0,Completed
ORD-11063,2023-01-13,CUST-1113,PROD-009,4,447.66,0,Completed
ORD-11064,11/25/2023,CUST-1312,PROD-016,2,1857.76,0,Completed
ORD-11065,02/28/2023,CUST-1248,PROD-006,1,3318.15,0.1,Completed
ORD-11066,07-08-2024,CUST-1035,PROD-001,3,1305.97,0,Completed
ORD-11067,2023-11-26,CUST-1002,PROD-009,3,466.92,0.2,Completed
ORD-11068,2024-02-04,CUST-1265,PROD-015,1,6797.27,0.15,Completed
ORD-11069,26-08-2023,CUST-1027,PROD-016,4,1923.07,0,Completed
ORD-11070,03/14/2023,CUST-1311,PROD-014,3,601.18,0,Completed
ORD-11071,09/03/2023,CUST-1174,PROD-024,4,461.71,0,Completed
ORD-11072,04-05-2023,CUST-1230,PROD-007,2,768.56,0.1,Completed
ORD-11073,16-06-2024,CUST-1027,PROD-025,4,901.34,0.1,Completed
ORD-11074,2023-03-21,CUST-1218,PROD-002,4,300.82,0.2,Completed
ORD-11075,07/10/2024,CUST-1027,PROD-007,4,782.88,0.15,Completed
ORD-11076,2023-04-04,CUST-1325,PROD-001,3,-999,0,Returned
ORD-11077,06/03/2023,CUST-1353,PROD-007,2,-999,0.05,Completed
ORD-11078,05/10/2024,CUST-1376,PROD-002,3,313.29,0.2,Returned
ORD-11079,09/28/2023,CUST-1369,PROD-023,4,1658.3,0.05,Completed
ORD-11080,2024-05-19,CUST-1029,PROD-023,3,1654.86,0.1,Completed
ORD-11081,06/03/2024,CUST-1105,PROD-010,3,2699.88,0,Completed
ORD-11082,07-02-2023,CUST-1391,PROD-010,1,2744.25,0.2,Completed
ORD-11083,2024-09-19,CUST-1329,PROD-016,,1839.87,0,Completed
ORD-11084,21-03-2023,CUST-1314,PROD-013,3,456.74,0.2,Completed
ORD-11085,25-01-2024,CUST-1195,PROD-012,3,927.38,0,Completed
ORD-11086,2023-11-05,CUST-1155,PROD-011,3,-999,0,Completed
ORD-11087,06-01-2023,CUST-1262,PROD-012,2,887.25,0.05,Completed
ORD-11088,11/10/2023,CUST-1355,PROD-023,1,1599.05,0.2,Completed
ORD-11089,03-11-2023,CUST-1080,PROD-001,2,1358.06,0.1,Completed
ORD-11090,2023-10-23,CUST-1192,PROD-010,,2665.12,0,Completed
ORD-11091,05/04/2024,CUST-1390,PROD-012,1,870.1,0.2,Completed
ORD-11092,06/22/2024,CUST-1006,PROD-009,3,428.71,0.15,Completed
ORD-11093,03/30/2023,CUST-1351,PROD-002,4,286.98,0.1,Completed
ORD-11094,2023-08-01,,PROD-004,,894.07,0.2,Completed
ORD-11095,18-06-2023,CUST-1286,PROD-007,4,827.97,0,Completed
ORD-11096,02/08/2023,CUST-1196,PROD-001,2,-999,0.15,Completed
ORD-11097,09/02/2023,CUST-1167,PROD-008,4,1826.93,0,Completed
ORD-11098,28-08-2024,CUST-1265,PROD-020,2,430.8,0.05,Completed
ORD-11099,07/23/2023,CUST-1178,PROD-023,3,1573.27,0,Completed
ORD-11100,01-03-2024,,PROD-012,2,861.31,0,Completed
ORD-11101,26-02-2023,CUST-1361,PROD-020,4,461.47,0.1,Completed
ORD-11102,2023-06-21,CUST-1107,PROD-021,4,783.12,0,Completed
ORD-11103,17-01-2024,CUST-1287,PROD-008,1,1783.59,0,Completed
ORD-11104,05/20/2023,CUST-1028,PROD-015,3,7023.18,0.2,Completed
ORD-11105,2023-10-06,CUST-1349,PROD-022,4,346.93,0.15,Completed
ORD-11106,03/13/2023,CUST-1332,PROD-006,2,3325.41,0.05,Completed
ORD-11107,2023-01-02,CUST-1209,PROD-011,2,2438.98,0,Completed
ORD-11108,2023-08-19,CUST-1283,PROD-012,2,883.37,0.05,Completed
ORD-11109,2024-08-03,CUST-1038,PROD-016,1,1992.33,0.05,Completed
ORD-11110,2024-03-29,CUST-1080,PROD-001,4,1295.25,0.2,Completed
ORD-11111,2023-04-28,CUST-1178,PROD-021,1,798.7,0,Returned
ORD-11112,2023-12-07,CUST-1167,PROD-013,2,435.02,0,Completed
ORD-11113,2023-06-08,CUST-1205,PROD-021,4,776.35,0.1,Completed
ORD-11114,2023-10-04,CUST-1136,PROD-006,1,3280.49,0.15,Completed
ORD-11115,2024-02-07,CUST-1272,PROD-005,4,4956.75,0,Completed
ORD-11116,20-04-2024,CUST-1366,PROD-020,2,433.62,0.1,Completed
ORD-11117,01/30/2023,CUST-1105,PROD-019,3,912.49,0,Cancelled
ORD-11118,03/09/2024,CUST-1379,PROD-021,2,777.98,0,Completed
ORD-11119,11-02-2024,CUST-1201,PROD-003,3,1562.54,0.05,Completed
ORD-11120,23-07-2024,CUST-1079,PROD-007,2,793.89,0.05,Completed
ORD-11121,2023-02-06,CUST-1367,PROD-004,4,908.42,0,Completed
ORD-11122,2023-10-14,CUST-1107,PROD-025,1,918.41,0.05,Completed
ORD-11123,17-02-2023,CUST-1289,PROD-010,4,-999,0.2,Completed
ORD-11124,10-04-2023,CUST-1101,PROD-015,1,6906.32,0.15,Completed
ORD-11125,2024-06-05,CUST-1119,PROD-018,1,620.78,0,Completed
ORD-11126,12/11/2023,CUST-1163,PROD-022,1,365.71,0,Completed
ORD-11127,03-08-2023,CUST-1124,PROD-016,2,1854.98,0.15,Completed
ORD-11128,02/10/2024,CUST-1002,PROD-016,2,1809.48,0,Completed
ORD-11129,03/11/2023,CUST-1242,PROD-013,3,464.76,0.1,Completed
ORD-11130,04/21/2024,CUST-1363,PROD-002,2,299.62,0.2,Completed
ORD-11131,2023-04-25,CUST-1175,PROD-013,1,435.72,0.05,Completed
ORD-11132,2024-05-26,CUST-1327,PROD-010,2,2781.79,0,Completed
ORD-11133,19-07-2024,CUST-1148,PROD-021,3,798.08,0.1,Completed
ORD-11134,04/16/2023,CUST-1269,PROD-020,4,433.51,0.2,Returned
ORD-11135,2023-11-22,CUST-1153,PROD-019,1,889.98,0.15,Completed
ORD-11136,01-09-2023,CUST-1008,PROD-010,2,2877.96,0,Completed
ORD-11137,30-08-2024,CUST-1222,PROD-002,3,285.16,0,Completed
ORD-11138,29-03-2023,CUST-1383,PROD-022,2,346.25,0.2,Completed
ORD-11139,2024-06-29,CUST-1149,PROD-005,2,5096.3,0.05,Returned
ORD-11140,02/06/2023,CUST-1382,PROD-004,3,896.15,0.05,Completed
ORD-11141,12-09-2023,CUST-1089,PROD-020,2,461.03,0,Completed
ORD-11142,10-05-2023,CUST-1119,PROD-003,1,1676.99,0,Completed
ORD-11143,22-06-2024,CUST-1128,PROD-012,4,886.24,0,Completed
ORD-11144,06-10-2023,CUST-1082,PROD-005,3,-999,0.2,Completed
ORD-11145,2023-03-25,CUST-1189,PROD-009,2,430.25,0.05,Completed
ORD-11146,18-05-2023,CUST-1307,PROD-013,1,441.6,0,Completed
ORD-11147,14-07-2024,CUST-1316,PROD-024,1,454.66,0.05,Completed
ORD-11148,10-05-2023,CUST-1055,PROD-023,3,1619.23,0.2,Completed
ORD-11149,2024-03-14,CUST-1249,PROD-007,4,814.4,0,Completed
ORD-11150,03/11/2023,,PROD-010,4,2822.25,0.15,Completed
ORD-11151,15-08-2024,CUST-1178,PROD-006,2,-999,0.1,Completed
ORD-11152,17-01-2023,CUST-1231,PROD-023,3,1623.65,0,Completed
ORD-11153,09/22/2023,CUST-1196,PROD-008,2,1762.7,0.2,Completed
ORD-11154,01/10/2023,CUST-1217,PROD-013,4,446.65,0,Completed
ORD-11155,07/23/2024,CUST-1008,PROD-019,4,900.95,0.15,Completed
ORD-11156,2024-07-05,CUST-1082,PROD-019,2,885.89,0,Completed
ORD-11157,24-08-2023,CUST-1190,PROD-006,,3148.88,0,Completed
ORD-11158,02-03-2023,CUST-1100,PROD-011,2,2515.09,0.15,Completed
ORD-11159,29-04-2024,CUST-1119,PROD-010,3,2808.31,0,Completed
ORD-11160,24-02-2023,CUST-1248,PROD-025,4,894.14,0,Completed
ORD-11161,01/28/2024,CUST-1287,PROD-017,3,2308.09,0.15,Cancelled
ORD-11162,2023-01-29,CUST-1162,PROD-006,1,3048.71,0,Completed
ORD-11163,2023-08-03,CUST-1097,PROD-006,2,3168.2,0.2,Completed
ORD-11164,09/26/2023,CUST-1177,PROD-012,2,928.2,0.2,Completed
ORD-11165,02-07-2024,CUST-1320,PROD-004,2,904.99,0.05,Completed
ORD-11166,09-05-2023,CUST-1192,PROD-024,1,471.27,0,Completed
ORD-11167,2023-06-29,CUST-1318,PROD-018,4,627.37,0.15,Completed
ORD-11168,22-08-2023,CUST-1201,PROD-016,2,1938.69,0,Completed
ORD-11169,02/03/2024,CUST-1326,PROD-008,4,1760.09,0,Completed
ORD-11170,2023-02-14,CUST-1038,PROD-009,1,469.66,0.1,Completed
ORD-11171,03/13/2023,CUST-1362,PROD-020,4,444.41,0.1,Completed
ORD-11172,2024-06-10,CUST-1355,PROD-017,1,-999,0,Completed
ORD-11173,2023-05-20,,PROD-010,3,2872.79,0.05,Completed
ORD-11174,03-06-2024,CUST-1287,PROD-012,2,-999,0.1,Completed
ORD-11175,29-09-2024,CUST-1292,PROD-007,2,800.51,0.15,Completed
ORD-11176,2023-05-19,CUST-1031,PROD-002,3,293.54,0,Completed
ORD-11177,01-01-2023,CUST-1361,PROD-003,2,1557.86,0,Completed
ORD-11178,2023-05-02,CUST-1391,PROD-008,2,1767.19,0,Completed
ORD-11179,07/31/2023,CUST-1142,PROD-021,1,822.54,0,Completed
ORD-11180,2023-01-10,CUST-1110,PROD-008,2,1784.65,0.05,Completed
ORD-11181,24-04-2023,CUST-1327,PROD-022,3,342.72,0,Completed
ORD-11182,03-02-2024,CUST-1179,PROD-017,2,2162.73,0,Completed
ORD-11183,01/01/2023,CUST-1189,PROD-018,2,623.74,0,Completed
ORD-11184,04/13/2023,CUST-1071,PROD-016,1,1957.69,0,Completed
ORD-11185,08/14/2024,CUST-1312,PROD-020,4,469.57,0.1,Completed
ORD-11186,12-08-2023,CUST-1021,PROD-008,2,1752.76,0.1,Completed
ORD-11187,06/25/2023,CUST-1266,PROD-012,1,921.24,0,Completed
ORD-11188,10-04-2023,CUST-1206,PROD-022,3,353.98,0.1,Completed
ORD-11189,28-04-2024,CUST-1128,PROD-009,2,441.95,0,Completed
ORD-11190,2023-04-29,CUST-1400,PROD-017,2,2166.78,0,Completed
ORD-11191,01/26/2023,CUST-1163,PROD-019,,914.08,0.2,Completed
ORD-11192,2023-06-08,CUST-1101,PROD-013,3,465.52,0.15,Completed
