customer_id,full_name,tier,region,channel,email,recency_days,frequency,monetary,r_score,f_score,m_score,rfm_code,rfm_avg,rfm_segment
CUST-1190,Christopher Mitchell,Bronze,NCR,Online,jamesknox@example.net,576,18,83242.84,2,1,1,211,1.33,Needs Attention
CUST-1162,Shelly Mills,Gold,Cebu,In-Store,johnsnyder@example.com,529,12,75453.66,1,1,1,111,1.0,Lost
CUST-1069,Kyle Graham,Silver,Cagayan de Oro,Both,myersjohnny@example.org,525,9,64889.37,1,1,1,111,1.0,Lost
CUST-1119,Benjamin Price,Silver,Unknown,Online,vaughnjames@example.org,537,11,56324.73,1,1,1,111,1.0,Lost
CUST-1038,Shelby Reyes,Platinum,Batangas,In-Store,rebecca36@example.com,559,14,55666.25,1,1,1,111,1.0,Lost
CUST-1028,Steven Gardner,Silver,Batangas,In-Store,xjohnson@example.com,535,10,54635.41,1,1,1,111,1.0,Lost
CUST-1134,Susan Johns,Silver,Batangas,In-Store,oparker@example.net,652,9,52388.85,2,1,1,211,1.33,Needs Attention
CUST-1027,Travis Webb MD,Bronze,Cebu,Online,anthonyjohnson@example.org,550,11,45016.71,1,1,1,111,1.0,Lost
CUST-1036,Matthew Howard,Bronze,Cebu,In-Store,savannahgarrett@example.org,557,13,44422.04,1,1,1,111,1.0,Lost
CUST-1124,Justin Combs,Platinum,Cebu,Online,amysmith@example.com,588,13,43311.35,2,1,1,211,1.33,Needs Attention
CUST-1311,Emily Clark,Bronze,Iloilo,In-Store,richardsscott@example.org,829,8,43106.57,4,1,1,411,2.0,Potential Loyalists
CUST-1192,Joseph Henderson,Silver,Iloilo,Both,marshalljonathan@example.org,581,12,42626.1,2,1,1,211,1.33,Needs Attention
CUST-1071,Justin Anderson,Bronze,Iloilo,In-Store,michael99@example.com,660,11,42118.25,2,1,1,211,1.33,Needs Attention
CUST-1008,Cynthia Mason,Gold,Unknown,In-Store,krasmussen@example.net,518,12,38900.12,1,1,1,111,1.0,Lost
CUST-1206,Daniel Ellis,Bronze,Iloilo,Online,brianna41@example.com,726,10,36934.52,3,1,1,311,1.67,Potential Loyalists
CUST-1015,Richard Aguirre,Silver,Cagayan de Oro,Both,cynthia28@example.net,594,4,36206.67,2,2,1,221,1.67,Needs Attention
CUST-1217,Jonathan Gonzalez,Silver,Laguna,Both,adam39@example.com,825,5,35955.03,4,1,1,411,2.0,Potential Loyalists
CUST-1318,Mary Wheeler,Bronze,Iloilo,Both,hwaters@example.com,520,8,35668.66,1,1,1,111,1.0,Lost
CUST-1330,Rachel Miller,Bronze,Laguna,Online,denise83@example.net,978,5,35601.34,5,1,1,511,2.33,Potential Loyalists
CUST-1155,Derrick Gilmore,Silver,Batangas,Both,vnguyen@example.net,547,15,35529.28,1,1,1,111,1.0,Lost
CUST-1128,Elizabeth Ramirez,Gold,Batangas,Both,amycohen@example.org,524,11,35261.16,1,1,1,111,1.0,Lost
CUST-1272,Angela Morrison,Bronze,Cagayan de Oro,In-Store,smithnicole@example.com,525,6,35241.79,1,1,1,111,1.0,Lost
CUST-1395,John Silva,Bronze,Pampanga,In-Store,maynatalie@example.org,681,3,34044.41,3,2,1,321,2.0,Potential Loyalists
CUST-1065,Samantha Davis,Silver,Cagayan de Oro,In-Store,kathleenmorgan@example.com,526,4,33825.45,1,1,1,111,1.0,Lost
CUST-1020,Debbie Coffey,Bronze,Iloilo,In-Store,stacey78@example.com,714,3,33393.99,3,2,1,321,2.0,Potential Loyalists
CUST-1101,John Alexander,Silver,Laguna,In-Store,owenssusan@example.com,581,9,33097.05,2,1,1,211,1.33,Needs Attention
CUST-1173,Miranda Herrera,Silver,Cebu,Online,cervantesthomas@example.org,934,4,31701.87,5,1,1,511,2.33,Potential Loyalists
CUST-1262,Jason Green,Bronze,Cebu,In-Store,hollowayhoward@example.net,523,6,31436.9,1,1,1,111,1.0,Lost
CUST-1391,Michael Smith,Bronze,NCR,Both,patrick19@example.org,552,11,30640.49,1,1,1,111,1.0,Lost
CUST-1167,Jasmin Castro,Silver,Cagayan de Oro,In-Store,juliaellis@example.com,525,10,30456.77,1,1,1,111,1.0,Lost
CUST-1082,Luis Keith,Gold,Laguna,Online,ashley42@example.net,605,4,30174.7,2,1,1,211,1.33,Needs Attention
CUST-1360,Brian Keller,Platinum,Batangas,Both,vgray@example.net,720,2,29842.46,3,3,1,331,2.33,Needs Attention
CUST-1189,Stephen Pitts,Platinum,Pampanga,Online,matthew78@example.com,642,6,29508.12,2,1,1,211,1.33,Needs Attention
CUST-1290,Connie Bush,Bronze,Cebu,In-Store,christine56@example.net,606,4,29438.91,2,1,1,211,1.33,Needs Attention
CUST-1084,Elizabeth Foster,Platinum,Cagayan de Oro,In-Store,xmoyer@example.com,561,7,28525.01,1,1,1,111,1.0,Lost
CUST-1239,Victoria Clark,Bronze,Unknown,Online,kevinrodriguez@example.net,776,3,27966.63,3,2,1,321,2.0,Potential Loyalists
CUST-1163,Glenn Jordan,Gold,Cebu,In-Store,webbmorgan@example.net,519,9,27928.28,1,1,1,111,1.0,Lost
CUST-1171,Brian Butler,Bronze,Davao,Both,ochambers@example.org,562,2,27707.81,1,4,1,141,2.0,Cant Lose Them
CUST-1385,Robert Trujillo,Gold,Iloilo,Online,zflynn@example.net,520,3,26953.53,1,2,1,121,1.33,Needs Attention
CUST-1107,Brian Murray,Platinum,Batangas,Online,juan92@example.net,543,9,26876.01,1,1,1,111,1.0,Lost
CUST-1371,Kenneth Clark DDS,Bronze,Pampanga,In-Store,mitchellderrick@example.org,879,3,26627.54,4,2,1,421,2.33,Potential Loyalists
CUST-1209,Glenda Leonard,Gold,NCR,In-Store,twilliams@example.com,983,6,26513.74,5,1,1,511,2.33,Potential Loyalists
CUST-1205,Thomas Murphy,Silver,Davao,In-Store,vwong@example.com,998,10,26249.69,5,1,1,511,2.33,Potential Loyalists
CUST-1317,Jennifer Barnes,Bronze,Batangas,Both,chernandez@example.com,982,4,24873.23,5,2,1,521,2.67,Potential Loyalists
CUST-1269,Jacqueline Leach,Silver,Batangas,Online,herreramichelle@example.com,685,5,24657.31,3,1,1,311,1.67,Potential Loyalists
CUST-1199,Catherine Brown,Silver,NCR,Online,margaret66@example.net,539,4,24396.1,1,2,1,121,1.33,Needs Attention
CUST-1080,Brandon Howard,Silver,Cagayan de Oro,In-Store,nancy70@example.net,590,11,23972.57,2,1,1,211,1.33,Needs Attention
CUST-1263,Brian Howell,Platinum,Davao,Both,johnmorales@example.net,704,5,23495.46,3,1,1,311,1.67,Potential Loyalists
CUST-1231,Cynthia Stevenson,Silver,NCR,Both,spencer79@example.net,841,7,23133.25,4,1,1,411,2.0,Potential Loyalists
CUST-1178,Dr. Tanya Stewart,Bronze,Pampanga,Online,jeffreyrussell@example.org,527,9,23013.47,1,1,1,111,1.0,Lost
CUST-1242,Eddie Solomon,Silver,Laguna,In-Store,mark11@example.com,747,10,22768.04,3,1,1,311,1.67,Potential Loyalists
CUST-1030,Beverly Knapp,Silver,Batangas,Both,flowerssamantha@example.org,571,10,22759.88,2,1,1,211,1.33,Needs Attention
CUST-1282,Wendy Mills,Gold,Iloilo,In-Store,benjamin87@example.org,677,7,22758.21,3,1,1,311,1.67,Potential Loyalists
CUST-1259,Scott Miller,Bronze,Batangas,Both,ramosspencer@example.com,560,3,22069.91,1,2,1,121,1.33,Needs Attention
CUST-1248,Jennifer Gonzales,Bronze,Davao,Both,carlabruce@example.com,1098,4,21878.0,5,2,1,521,2.67,Potential Loyalists
CUST-1121,Jessica Williams,Silver,Cagayan de Oro,Both,bgibson@example.net,550,8,21769.76,1,1,1,111,1.0,Lost
CUST-1400,Bradley Wright,Silver,Cebu,In-Store,dolson@example.net,721,4,20943.38,3,2,1,321,2.0,Potential Loyalists
CUST-1196,Kelsey Watson,Bronze,Laguna,Both,christinarichardson@example.com,583,9,20691.99,2,1,1,211,1.33,Needs Attention
CUST-1361,Michelle Collins,Bronze,Pampanga,Online,htodd@example.com,876,8,20070.39,4,1,1,411,2.0,Potential Loyalists
CUST-1230,Scott Chavez,Silver,Davao,Both,carlos92@example.com,564,7,20011.76,1,1,1,111,1.0,Lost
CUST-1364,Joseph Nelson,Bronze,Pampanga,Online,scott19@example.net,718,3,20007.26,3,2,1,321,2.0,Potential Loyalists
CUST-1334,Jon Stafford,Bronze,Pampanga,Online,patriciaflores@example.org,633,4,19956.7,2,1,1,211,1.33,Needs Attention
CUST-1174,Jessica Wheeler,Bronze,NCR,In-Store,autumnrobertson@example.org,614,9,19353.98,2,1,1,211,1.33,Needs Attention
CUST-1332,Lawrence Mullins,Bronze,Cebu,Online,wgomez@example.net,718,7,19105.72,3,1,1,311,1.67,Potential Loyalists
CUST-1113,Karen Wiggins,Silver,Davao,Online,lawrence59@example.com,535,8,18958.92,1,1,1,111,1.0,Lost
CUST-1212,Matthew Henderson,Silver,NCR,Online,vrodriguez@example.com,836,3,18863.94,4,2,1,421,2.33,Potential Loyalists
CUST-1104,Tracey Martin,Bronze,Batangas,Online,nschwartz@example.net,906,3,18645.56,4,2,2,422,2.67,Potential Loyalists
CUST-1284,Timothy Sanders,Gold,Iloilo,Online,cynthiahines@example.net,551,6,18362.88,1,1,2,112,1.33,Lost
CUST-1224,Eric Nichols,Silver,Cebu,In-Store,eric63@example.org,742,5,18359.79,3,1,2,312,2.0,Potential Loyalists
CUST-1353,James Moore,Platinum,NCR,Online,thomas62@example.net,992,5,18354.16,5,1,2,512,2.67,Potential Loyalists
CUST-1308,Andrew Lawson,Gold,NCR,Both,jordanwright@example.com,985,6,18335.41,5,1,2,512,2.67,Potential Loyalists
CUST-1302,Michelle Buckley,Gold,Davao,In-Store,katherine54@example.org,1040,4,18138.67,5,2,2,522,3.0,Potential Loyalists
CUST-1092,Theodore Williams,Bronze,Davao,Online,cmueller@example.com,537,8,17667.7,1,1,2,112,1.33,Lost
CUST-1118,Joseph Lopez,Silver,Iloilo,Both,deanna29@example.org,675,5,17529.57,3,1,2,312,2.0,Potential Loyalists
CUST-1344,Michael Moran,Bronze,Laguna,Online,stephenmay@example.net,737,3,17334.73,3,2,2,322,2.33,Potential Loyalists
CUST-1320,Ray Ross,Gold,Cagayan de Oro,Online,susanharrell@example.org,608,5,17305.38,2,1,2,212,1.67,Needs Attention
CUST-1024,Kimberly Boyd,Bronze,Cebu,In-Store,danielle73@example.org,644,4,16964.93,2,2,2,222,2.0,Needs Attention
CUST-1321,Kelly Willis,Silver,Batangas,In-Store,allenjoseph@example.org,799,2,16665.44,4,4,2,442,3.33,Needs Attention
CUST-1105,Jennifer Cox,Bronze,Batangas,Both,suttonmelissa@example.com,525,3,16036.94,1,2,2,122,1.67,Needs Attention
CUST-1397,Jeffrey Wells,Silver,Iloilo,Online,sandovalsheri@example.org,553,2,15717.37,1,3,2,132,2.0,Needs Attention
CUST-1268,Rachel Simon,Silver,NCR,Both,richard47@example.org,532,5,15429.17,1,1,2,112,1.33,Lost
CUST-1221,James Phillips,Bronze,Batangas,In-Store,tamara65@example.org,578,3,15366.6,2,2,2,222,2.0,Needs Attention
CUST-1275,Joshua Holland,Bronze,Batangas,In-Store,spearsmichael@example.org,758,1,15364.1,3,5,2,352,3.33,Needs Attention
CUST-1018,Kelsey Griffin,Silver,Pampanga,Both,travis17@example.net,519,3,15063.63,1,2,2,122,1.67,Needs Attention
CUST-1228,Mark Bright,Bronze,Unknown,Online,barbara37@example.net,1129,1,14587.1,5,5,2,552,4.0,Needs Attention
CUST-1363,Karen Lewis,Platinum,Davao,Online,mary27@example.org,524,4,14219.21,1,2,2,122,1.67,Needs Attention
CUST-1283,Brandy Macdonald,Bronze,Iloilo,In-Store,danielalvarez@example.net,926,6,13989.44,4,1,2,412,2.33,Potential Loyalists
CUST-1188,Steve Freeman,Bronze,Cagayan de Oro,In-Store,briannabarnes@example.net,1031,1,13794.89,5,5,2,552,4.0,Needs Attention
CUST-1072,Heather Hill,Platinum,Cebu,Online,arthur32@example.org,605,3,13644.19,2,2,2,222,2.0,Needs Attention
CUST-1070,Peter Baker,Bronze,Iloilo,In-Store,nathaniel01@example.net,858,4,13622.22,4,2,2,422,2.67,Potential Loyalists
CUST-1307,Robert Ryan,Gold,Pampanga,Both,colemarvin@example.org,979,5,13532.62,5,1,2,512,2.67,Potential Loyalists
CUST-1164,Amy Gibson DVM,Bronze,NCR,Both,valdezsamuel@example.com,747,2,13465.71,3,3,2,332,2.67,Needs Attention
CUST-1031,Kevin Taylor,Bronze,Pampanga,Online,rrodriguez@example.net,667,7,13414.11,2,1,2,212,1.67,Needs Attention
CUST-1240,Kimberly Clay,Bronze,Pampanga,Both,cstevens@example.com,772,1,13164.64,3,4,2,342,3.0,Needs Attention
CUST-1203,Elizabeth Munoz,Platinum,Laguna,Online,jasonarmstrong@example.net,930,5,13134.81,4,1,2,412,2.33,Potential Loyalists
CUST-1339,Deanna Moore,Silver,Iloilo,Online,james41@example.net,788,2,12774.9,3,4,2,342,3.0,Needs Attention
CUST-1241,Matthew Gomez,Gold,Davao,Both,richardsonrenee@example.net,577,1,12636.72,2,4,2,242,2.67,Cant Lose Them
CUST-1348,Sandra Cole,Silver,NCR,Online,steven42@example.com,710,3,12495.72,3,2,2,322,2.33,Potential Loyalists
CUST-1056,Erica Chandler,Gold,Iloilo,Online,grahamgloria@example.com,992,2,12454.37,5,3,2,532,3.33,Needs Attention
CUST-1195,Tiffany Lara,Platinum,Pampanga,Both,johncrawford@example.org,767,2,12404.5,3,3,2,332,2.67,Needs Attention
CUST-1352,Rebecca Burns,Platinum,NCR,Both,milesteresa@example.org,567,3,12207.35,1,2,2,122,1.67,Needs Attention
CUST-1066,Joseph Baker,Bronze,Pampanga,In-Store,dwatson@example.net,631,1,12194.37,2,4,2,242,2.67,Cant Lose Them
CUST-1061,Jennifer Brennan,Bronze,NCR,Online,heathersmith@example.org,841,3,12155.1,4,2,2,422,2.67,Potential Loyalists
CUST-1368,Rebecca Moore,Bronze,Iloilo,In-Store,ericbishop@example.org,927,2,12110.58,4,3,2,432,3.0,Needs Attention
CUST-1327,Daniel Hoffman,Silver,Batangas,Online,petersonkimberly@example.com,645,4,12067.0,2,2,2,222,2.0,Needs Attention
CUST-1011,Patty Cordova,Gold,NCR,Online,xmercer@example.net,640,2,11862.9,2,3,2,232,2.33,Needs Attention
CUST-1292,Lori Silva,Bronze,Laguna,Both,jessica61@example.com,519,3,11682.19,1,2,2,122,1.67,Needs Attention
CUST-1097,Cheryl Hill,Gold,NCR,Online,kgrimes@example.net,942,2,11609.56,5,3,2,532,3.33,Needs Attention
CUST-1366,Melissa Adkins,Silver,Batangas,In-Store,kkim@example.org,681,5,11569.89,3,1,2,312,2.0,Potential Loyalists
CUST-1111,Clifford Gonzales,Silver,Davao,Both,pamelabuck@example.com,800,1,11527.32,4,4,2,442,3.33,Needs Attention
CUST-1229,Yolanda Hurley DDS,Silver,NCR,Both,tramirez@example.com,851,4,10892.55,4,2,2,422,2.67,Potential Loyalists
CUST-1039,Connor Greene,Silver,NCR,In-Store,landrychristopher@example.com,719,2,10838.46,3,3,2,332,2.67,Needs Attention
CUST-1314,Jeffrey Maxwell,Bronze,Laguna,Online,carrcarolyn@example.net,712,4,10649.17,3,2,2,322,2.33,Potential Loyalists
CUST-1064,Kaitlyn Schultz,Bronze,Iloilo,In-Store,moorejared@example.org,933,2,10552.23,4,3,2,432,3.0,Needs Attention
CUST-1219,Tina Savage,Bronze,Batangas,In-Store,raymondtorres@example.net,975,1,10456.3,5,4,2,542,3.67,Needs Attention
CUST-1045,Alexander Marshall,Bronze,Cagayan de Oro,Online,danielsjohn@example.org,786,3,10335.07,3,2,2,322,2.33,Potential Loyalists
CUST-1042,Gregory Little,Silver,NCR,Both,paulmay@example.net,1097,2,10190.45,5,3,2,532,3.33,Needs Attention
CUST-1294,Adam Gibson,Gold,Batangas,Online,tracythompson@example.com,1144,1,10169.92,5,4,2,542,3.67,Needs Attention
CUST-1013,Tonya Wilson,Bronze,Pampanga,In-Store,josephmartin@example.com,525,4,10148.4,1,2,2,122,1.67,Needs Attention
CUST-1381,Monica Galvan,Bronze,Laguna,Both,moorekelsey@example.org,914,1,10140.66,4,4,2,442,3.33,Needs Attention
CUST-1010,Trevor Cruz,Bronze,Unknown,Online,iwiley@example.net,531,4,10102.95,1,2,2,122,1.67,Needs Attention
CUST-1200,Catherine Robinson,Silver,Davao,Online,whitejill@example.com,723,1,10013.5,3,4,2,342,3.0,Needs Attention
CUST-1340,Nicole Martinez,Bronze,Laguna,Both,micheleestrada@example.net,1034,6,9997.05,5,1,2,512,2.67,Potential Loyalists
CUST-1222,Sally Finley,Bronze,NCR,Both,markbishop@example.org,549,4,9966.5,1,2,2,122,1.67,Needs Attention
CUST-1149,Sarah Oneill,Silver,Cebu,In-Store,alfred68@example.com,769,2,9951.64,3,3,2,332,2.67,Needs Attention
CUST-1068,Jessica Diaz,Bronze,Laguna,In-Store,watsonsara@example.net,538,4,9909.8,1,2,2,122,1.67,Needs Attention
CUST-1351,Tonya Graham,Bronze,NCR,In-Store,harnold@example.org,992,4,9903.38,5,2,2,522,3.0,Potential Loyalists
CUST-1227,Mary Howell,Bronze,Iloilo,Online,leah77@example.net,947,3,9901.87,5,2,2,522,3.0,Potential Loyalists
CUST-1012,Denise Garcia,Silver,Pampanga,Online,michaelharrington@example.org,625,4,9788.14,2,2,2,222,2.0,Needs Attention
CUST-1257,Brian Thomas,Silver,Pampanga,Both,znorris@example.net,910,2,9456.71,4,4,2,442,3.33,Needs Attention
CUST-1378,Jessica Young,Bronze,Laguna,Online,gina07@example.com,728,3,9385.38,3,2,2,322,2.33,Potential Loyalists
CUST-1103,Kevin Hawkins,Bronze,Laguna,In-Store,davidsondavid@example.com,546,3,9345.26,1,2,3,123,2.0,Needs Attention
CUST-1007,Tim Wilson,Bronze,Batangas,Both,gvillegas@example.org,780,2,9194.33,3,4,3,343,3.33,Loyal Customers
CUST-1289,Daniel Arnold,Silver,Batangas,Both,markwilliamson@example.org,1109,1,9020.24,5,4,3,543,4.0,Loyal Customers
CUST-1055,Blake Stephens,Bronze,Unknown,Both,rsmith@example.net,869,3,8899.31,4,2,3,423,3.0,Potential Loyalists
CUST-1399,William Mccarty,Bronze,Davao,Both,tholmes@example.org,915,2,8891.54,4,4,3,443,3.67,Loyal Customers
CUST-1216,Alexandra Wilson,Bronze,Davao,In-Store,oliverdavid@example.org,1017,1,8804.92,5,4,3,543,4.0,Loyal Customers
CUST-1186,Tracy Crane,Platinum,Pampanga,Online,zachary87@example.net,610,3,8657.55,2,2,3,223,2.33,Needs Attention
CUST-1048,Thomas Brown,Silver,Iloilo,Online,williamsamy@example.com,896,1,8565.39,4,4,3,443,3.67,Loyal Customers
CUST-1160,Amanda Rivera,Gold,Batangas,In-Store,nancy42@example.com,628,3,8531.86,2,2,3,223,2.33,Needs Attention
CUST-1380,Jeffrey White MD,Platinum,NCR,Online,baileykelly@example.org,741,3,8527.29,3,2,3,323,2.67,Potential Loyalists
CUST-1215,Timothy Johnson,Bronze,Davao,In-Store,kchen@example.org,700,3,8527.09,3,2,3,323,2.67,Potential Loyalists
CUST-1175,Michelle Jackson,Gold,Pampanga,Online,uvalentine@example.org,730,3,8465.66,3,2,3,323,2.67,Potential Loyalists
CUST-1115,Adam Mckee,Silver,Pampanga,Online,melissawilliams@example.com,894,2,8457.6,4,4,3,443,3.67,Loyal Customers
CUST-1373,Sandra Henderson,Bronze,Iloilo,In-Store,hunterchristina@example.org,1004,2,8432.83,5,4,3,543,4.0,Loyal Customers
CUST-1001,Erika Allen,Bronze,Batangas,Online,carterstephanie@example.net,596,4,8399.68,2,2,3,223,2.33,Needs Attention
CUST-1383,Miguel Silva V,Silver,Cebu,Both,christopherbailey@example.org,901,3,8343.39,4,2,3,423,3.0,Potential Loyalists
CUST-1201,Brandon Owens,Silver,Unknown,Online,knightsteven@example.net,750,2,8330.62,3,3,3,333,3.0,Loyal Customers
CUST-1074,Randy Hill,Platinum,NCR,In-Store,roberteverett@example.org,554,2,8304.24,1,3,3,133,2.33,At Risk
CUST-1306,Carly Patterson,Silver,Laguna,Online,chelsealong@example.net,690,3,8289.18,3,2,3,323,2.67,Potential Loyalists
CUST-1166,Jon Lee,Bronze,Cebu,In-Store,peter68@example.com,679,2,8225.53,3,3,3,333,3.0,Loyal Customers
CUST-1293,Paul Lopez,Silver,Pampanga,Online,qjohnson@example.com,548,3,7910.19,1,2,3,123,2.0,Needs Attention
CUST-1358,Dr. Amber Dominguez MD,Gold,Laguna,Both,andrewsavage@example.net,608,3,7878.91,2,2,3,223,2.33,Needs Attention
CUST-1131,Kenneth Williamson,Gold,NCR,In-Store,noneill@example.com,759,2,7727.54,3,4,3,343,3.33,Loyal Customers
CUST-1343,Kent Jones,Bronze,Cebu,Both,michaelpatterson@example.net,991,2,7723.86,5,3,3,533,3.67,Loyal Customers
CUST-1329,Joseph Hensley,Platinum,NCR,Online,crystal65@example.org,529,3,7635.61,1,2,3,123,2.0,Needs Attention
CUST-1312,Teresa Robinson,Silver,Cebu,Online,whill@example.com,565,4,7577.33,1,2,3,123,2.0,Needs Attention
CUST-1256,Carlos Anderson,Gold,Batangas,In-Store,cassandra18@example.org,528,3,7511.04,1,2,3,123,2.0,Needs Attention
CUST-1078,Katie Guerra,Bronze,Davao,Both,kwolf@example.org,582,1,7450.66,2,5,3,253,3.33,At Risk
CUST-1325,Darrell Ryan,Gold,Pampanga,Both,srobinson@example.net,731,3,7305.2,3,2,3,323,2.67,Potential Loyalists
CUST-1179,Christina Padilla,Bronze,Davao,In-Store,ana01@example.com,651,3,7274.28,2,2,3,223,2.33,Needs Attention
CUST-1040,Carlos Pierce,Silver,Cagayan de Oro,Online,catherine02@example.com,812,2,7256.55,4,3,3,433,3.33,Loyal Customers
CUST-1035,Raven Riddle,Platinum,Laguna,Online,clinton63@example.com,572,3,7137.84,2,2,3,223,2.33,Needs Attention
CUST-1279,Pamela Lawrence,Bronze,NCR,Both,amanda63@example.net,552,3,7066.15,1,2,3,123,2.0,Needs Attention
CUST-1184,Christopher Fields,Silver,Laguna,Both,cvazquez@example.com,1097,1,7041.05,5,5,3,553,4.33,Loyal Customers
CUST-1326,Daniel Thomas,Bronze,Cagayan de Oro,In-Store,michaelobrien@example.net,758,1,7040.36,3,5,3,353,3.67,Loyal Customers
CUST-1059,Jason Bush,Silver,Cagayan de Oro,In-Store,carolyn19@example.com,789,2,6876.49,4,3,3,433,3.33,Loyal Customers
CUST-1085,Gabriel Roach,Silver,Batangas,In-Store,fprice@example.com,1041,1,6868.68,5,5,3,553,4.33,Loyal Customers
CUST-1303,Amanda Thomas,Silver,Pampanga,Both,ytorres@example.org,640,4,6847.91,2,2,3,223,2.33,Needs Attention
CUST-1342,Alex Benson,Bronze,Pampanga,Both,darren68@example.net,544,4,6795.68,1,2,3,123,2.0,Needs Attention
CUST-1384,Todd Middleton,Bronze,Batangas,Both,xhorn@example.com,989,1,6674.38,5,5,3,553,4.33,Loyal Customers
CUST-1244,Sarah Shelton,Silver,Batangas,Both,ramirezrachel@example.net,1088,4,6672.92,5,2,3,523,3.33,Potential Loyalists
CUST-1265,Daniel Johnson,Silver,Cagayan de Oro,Both,bsolomon@example.com,551,2,6596.2,1,3,3,133,2.33,At Risk
CUST-1146,William Kelley,Silver,Cagayan de Oro,Online,scruz@example.org,767,1,6540.24,3,5,3,353,3.67,Loyal Customers
CUST-1180,Richard Miller,Bronze,NCR,In-Store,christopherlee@example.com,1039,1,6501.8,5,5,3,553,4.33,Loyal Customers
CUST-1110,Sean Townsend,Gold,Iloilo,Online,williamsonanthony@example.net,757,3,6385.3,3,2,3,323,2.67,Potential Loyalists
CUST-1389,Ricky Davis,Bronze,Batangas,In-Store,christy58@example.net,1022,2,6315.68,5,3,3,533,3.67,Loyal Customers
CUST-1355,Brian Morrison,Gold,Cebu,Both,castillomichelle@example.com,630,3,6303.6,2,2,3,223,2.33,Needs Attention
CUST-1369,Richard Douglas,Silver,Batangas,Both,leblancdominic@example.org,886,1,6301.54,4,5,3,453,4.0,Loyal Customers
CUST-1278,Tracy Boyer,Bronze,NCR,Both,aanderson@example.net,545,3,6266.49,1,3,3,133,2.33,At Risk
CUST-1073,Devin Pena,Bronze,NCR,Online,idickerson@example.net,688,2,5992.78,3,3,3,333,3.0,Loyal Customers
CUST-1386,Rebecca Hurst,Silver,Batangas,Both,vsanchez@example.org,984,3,5931.48,5,3,3,533,3.67,Loyal Customers
CUST-1198,David Jones,Silver,Cagayan de Oro,Both,wayne92@example.com,587,2,5820.85,2,3,3,233,2.67,At Risk
CUST-1182,Samuel Morgan,Bronze,Cagayan de Oro,Both,ucummings@example.com,620,2,5819.18,2,4,3,243,3.0,At Risk
CUST-1387,David Sawyer,Bronze,Cebu,In-Store,starkharold@example.com,802,1,5789.76,4,5,3,453,4.0,Loyal Customers
CUST-1297,Paul Sanchez,Bronze,Cebu,Online,brownapril@example.org,814,4,5752.11,4,2,3,423,3.0,Potential Loyalists
CUST-1126,David Compton,Bronze,Iloilo,In-Store,ramirezmichael@example.net,720,4,5705.92,3,2,3,323,2.67,Potential Loyalists
CUST-1374,Michael Garrett,Bronze,NCR,In-Store,benjamin52@example.com,1118,1,5672.24,5,5,3,553,4.33,Loyal Customers
CUST-1025,Mark Hall,Gold,Cagayan de Oro,In-Store,julie57@example.com,878,3,5663.67,4,3,3,433,3.33,Loyal Customers
CUST-1246,Carrie Jones,Silver,Cebu,Both,laurawallace@example.net,900,1,5637.65,4,5,3,453,4.0,Loyal Customers
CUST-1158,Chelsey Robbins,Bronze,Laguna,Online,amberhart@example.com,727,2,5591.68,3,3,3,333,3.0,Loyal Customers
CUST-1313,Angie Morris,Bronze,Pampanga,Online,phillipstaylor@example.net,621,3,5577.54,2,3,3,233,2.67,At Risk
CUST-1296,Jaclyn Weaver,Bronze,Iloilo,Online,gabriel18@example.org,925,1,5573.76,4,5,3,453,4.0,Loyal Customers
CUST-1002,Cheryl Cuevas,Silver,Unknown,Both,uwhite@example.org,690,3,5546.68,3,3,3,333,3.0,Loyal Customers
CUST-1120,Connor Johnson,Silver,Davao,Online,kimberly53@example.com,1015,1,5502.96,5,5,3,553,4.33,Loyal Customers
CUST-1291,Angela Wright,Bronze,Davao,Online,davismargaret@example.net,733,1,5439.48,3,5,3,353,3.67,Loyal Customers
CUST-1354,Richard Barnes,Gold,Batangas,In-Store,thomaswest@example.org,611,3,5384.04,2,3,4,234,3.0,At Risk
CUST-1304,Benjamin Madden,Bronze,Pampanga,Both,richardclark@example.net,633,2,5192.18,2,3,4,234,3.0,At Risk
CUST-1041,Renee Shaw,Bronze,Cagayan de Oro,In-Store,wtaylor@example.net,1035,1,5148.72,5,5,4,554,4.67,Champions
CUST-1091,Anthony Wheeler,Gold,Davao,Both,valeriejones@example.net,647,4,5118.65,2,1,4,214,2.33,Needs Attention
CUST-1394,Dawn Simpson,Bronze,Cebu,Both,othompson@example.net,786,1,4927.26,3,5,4,354,4.0,Loyal Customers
CUST-1140,Matthew Bender,Gold,Laguna,Online,bradwest@example.com,1076,1,4909.14,5,5,4,554,4.67,Champions
CUST-1016,Keith Mclaughlin,Bronze,Unknown,Online,taylor37@example.net,802,2,4879.92,4,3,4,434,3.67,Loyal Customers
CUST-1046,Cody Anderson,Platinum,Laguna,In-Store,nrose@example.net,561,2,4856.26,1,3,4,134,2.67,At Risk
CUST-1287,Jennifer Duran,Bronze,Laguna,In-Store,nhaley@example.org,590,3,4817.14,2,3,4,234,3.0,At Risk
CUST-1090,Maria Dennis,Bronze,Cebu,In-Store,annawilliams@example.net,565,3,4711.7,1,3,4,134,2.67,At Risk
CUST-1100,Adrienne Nelson,Silver,Unknown,Both,brittany60@example.net,818,2,4707.02,4,4,4,444,4.0,Champions
CUST-1058,Douglas Chavez,Bronze,Davao,Both,keithcampbell@example.net,814,1,4706.82,4,5,4,454,4.33,Champions
CUST-1125,Paula Welch,Silver,Iloilo,Both,lsantos@example.org,729,1,4549.78,3,5,4,354,4.0,Loyal Customers
CUST-1249,Destiny Allen,Bronze,NCR,Both,courtney42@example.net,718,2,4515.13,3,4,4,344,3.67,Loyal Customers
CUST-1207,Deanna Torres,Bronze,Batangas,Both,logan53@example.org,744,2,4505.72,3,4,4,344,3.67,Loyal Customers
CUST-1214,Jill Fuller,Silver,Unknown,Online,angela09@example.com,767,2,4477.98,3,4,4,344,3.67,Loyal Customers
CUST-1029,Christopher Adams,Bronze,Iloilo,Both,robertramsey@example.org,652,1,4468.12,2,5,4,254,3.67,At Risk
CUST-1137,Gregory Lopez,Bronze,Cagayan de Oro,Both,butlerjose@example.net,544,2,4309.36,1,4,4,144,3.0,At Risk
CUST-1053,Stephanie Leon,Platinum,Laguna,In-Store,zdavidson@example.org,889,1,4216.9,4,5,4,454,4.33,Champions
CUST-1142,Jessica White,Bronze,Cagayan de Oro,In-Store,elizabeth27@example.com,547,3,4193.65,1,3,4,134,2.67,At Risk
CUST-1388,Robert Smith,Silver,Davao,In-Store,zheath@example.com,747,2,4155.28,3,3,4,334,3.33,Loyal Customers
CUST-1153,Melissa Ayala,Bronze,Laguna,Online,suttongary@example.org,831,2,4122.17,4,3,4,434,3.67,Loyal Customers
CUST-1398,Blake Alvarez,Bronze,Batangas,Online,lbrewer@example.org,789,3,4118.33,4,3,4,434,3.67,Loyal Customers
CUST-1356,Alan Williams,Bronze,Iloilo,Online,theodorevaldez@example.net,637,3,4073.84,2,3,4,234,3.0,At Risk
CUST-1021,Ashley Kelly MD,Bronze,Cebu,Online,gabrielvasquez@example.com,723,2,4062.32,3,3,4,334,3.33,Loyal Customers
CUST-1079,Benjamin Perkins,Bronze,Davao,Both,florescaroline@example.org,587,2,4016.83,2,3,4,234,3.0,At Risk
CUST-1333,Michael Knight,Silver,Davao,Both,smithpamela@example.com,955,2,4015.46,5,3,4,534,4.0,Loyal Customers
CUST-1237,Leslie Lopez,Bronze,Laguna,Both,matthewdixon@example.org,666,1,4002.78,2,5,4,254,3.67,At Risk
CUST-1023,Mr. Joshua Pitts,Silver,Batangas,Online,april90@example.net,756,2,3997.95,3,3,4,334,3.33,Loyal Customers
CUST-1300,Christopher Harding,Silver,Cebu,In-Store,kristy03@example.net,639,2,3962.58,2,3,4,234,3.0,At Risk
CUST-1338,Charles Benjamin,Platinum,Batangas,In-Store,daviddavis@example.net,520,1,3953.62,1,5,4,154,3.33,At Risk
CUST-1032,Miguel Ross,Silver,Cagayan de Oro,Online,mpetty@example.org,638,1,3860.04,2,5,4,254,3.67,At Risk
CUST-1350,Pamela Vasquez,Platinum,Unknown,Online,ronald61@example.com,653,3,3812.43,2,3,4,234,3.0,At Risk
CUST-1261,Joan Lopez,Gold,Cagayan de Oro,In-Store,jacob21@example.org,1001,3,3786.59,5,3,4,534,4.0,Loyal Customers
CUST-1258,Laura Long,Bronze,Davao,Online,timothycollins@example.net,860,2,3771.24,4,3,4,434,3.67,Loyal Customers
CUST-1346,Elizabeth Taylor,Bronze,Iloilo,Both,allison07@example.net,1071,1,3752.36,5,5,4,554,4.67,Champions
CUST-1136,Brenda Riley,Platinum,Laguna,Both,matthew65@example.com,670,2,3709.36,2,3,4,234,3.0,At Risk
CUST-1328,Mark Patterson,Bronze,Davao,In-Store,amandaevans@example.org,541,1,3708.31,1,5,4,154,3.33,At Risk
CUST-1367,Charles Hardin,Bronze,Batangas,Both,sallen@example.org,1120,1,3633.68,5,5,4,554,4.67,Champions
CUST-1202,Adrian Andrews,Platinum,Iloilo,In-Store,dawn18@example.com,771,2,3610.99,3,3,4,334,3.33,Loyal Customers
CUST-1251,John Ross,Bronze,Iloilo,Both,cindy09@example.com,876,3,3610.96,4,3,4,434,3.67,Loyal Customers
CUST-1234,Cynthia Smith,Silver,Laguna,Both,jakehatfield@example.com,627,2,3549.84,2,3,4,234,3.0,At Risk
CUST-1225,Benjamin Decker,Silver,NCR,Both,rodriguezmandy@example.com,914,1,3336.66,4,5,4,454,4.33,Champions
CUST-1286,Christopher Fuller,Bronze,Batangas,Both,denisemiller@example.net,988,1,3311.88,5,5,4,554,4.67,Champions
CUST-1150,Ryan Powell,Gold,Cebu,Online,awright@example.org,1125,1,3309.46,5,5,4,554,4.67,Champions
CUST-1086,Tammy Garner,Bronze,Iloilo,In-Store,garciaphilip@example.com,963,1,3248.56,5,5,4,554,4.67,Champions
CUST-1260,Mrs. Jenna Huffman,Gold,Batangas,In-Store,meghan25@example.net,764,1,3197.04,3,5,4,354,4.0,Loyal Customers
CUST-1233,Shannon Holder,Silver,Laguna,In-Store,douglas51@example.com,1105,1,3182.88,5,5,4,554,4.67,Champions
CUST-1089,Eric Williams,Bronze,Pampanga,Both,watsonbriana@example.net,902,2,3172.15,4,4,4,444,4.0,Champions
CUST-1252,Shawn Horton,Gold,Davao,Both,benjaminandrews@example.net,590,2,3061.05,2,4,4,244,3.33,At Risk
CUST-1218,Jose Grant,Gold,Batangas,In-Store,nicholas09@example.org,1077,2,3057.96,5,4,4,544,4.33,Champions
CUST-1266,Heather Walker,Silver,Pampanga,In-Store,mmiller@example.net,698,3,2852.35,3,3,4,334,3.33,Loyal Customers
CUST-1238,Donald Allen,Gold,Cebu,Online,christina83@example.net,774,1,2782.44,3,5,4,354,4.0,Loyal Customers
CUST-1276,Tiffany Murphy,Platinum,Laguna,Both,ctravis@example.org,883,1,2761.23,4,5,4,454,4.33,Champions
CUST-1210,Rhonda David,Gold,Davao,Both,barbaramason@example.net,1115,1,2744.15,5,5,4,554,4.67,Champions
CUST-1172,William Pugh,Bronze,Cagayan de Oro,Online,evan04@example.net,621,2,2639.41,2,4,4,244,3.33,At Risk
CUST-1370,Emily Alvarez,Silver,NCR,Both,bradley67@example.org,847,1,2598.69,4,5,4,454,4.33,Champions
CUST-1382,Kimberly Thomas,Gold,Cagayan de Oro,Online,thorntonashley@example.com,1120,1,2554.03,5,5,4,554,4.67,Champions
CUST-1357,Chelsea Martinez,Bronze,Davao,In-Store,joshua50@example.com,558,3,2538.52,1,3,4,134,2.67,At Risk
CUST-1005,Janice Valentine,Gold,Cebu,Online,williamscynthia@example.net,550,2,2499.98,1,4,4,144,3.0,At Risk
CUST-1060,Chad Park,Gold,Batangas,Both,brewerjennifer@example.com,558,1,2498.37,1,5,4,154,3.33,At Risk
CUST-1081,William Leonard,Bronze,Laguna,Online,michaelday@example.org,635,2,2469.82,2,3,4,234,3.0,At Risk
CUST-1096,Eileen Becker,Silver,Davao,Both,frank78@example.net,571,1,2397.06,1,4,4,144,3.0,At Risk
CUST-1112,Kimberly Moore,Platinum,Laguna,Online,thompsondavid@example.org,869,2,2396.54,4,3,4,434,3.67,Loyal Customers
CUST-1075,Felicia House,Gold,Cebu,Online,william75@example.com,954,1,2269.14,5,5,4,554,4.67,Champions
CUST-1362,David Huff,Platinum,NCR,In-Store,mendezmichael@example.org,655,2,2223.32,2,3,5,235,3.33,At Risk
CUST-1359,Jacob Ho,Bronze,Laguna,In-Store,zjennings@example.org,1049,1,2222.62,5,5,5,555,5.0,Champions
CUST-1295,Holly Snow,Bronze,Cebu,Online,danielle65@example.com,839,2,2185.15,4,3,5,435,4.0,Loyal Customers
CUST-1148,John Leonard,Gold,Davao,Both,tiffany56@example.org,591,1,2154.82,2,4,5,245,3.67,At Risk
CUST-1116,Holly Roberts,Bronze,Pampanga,Both,johnsonbrenda@example.org,580,1,1989.79,2,4,5,245,3.67,At Risk
CUST-1145,Emily Lane,Bronze,Cagayan de Oro,Online,jason06@example.net,632,2,1964.47,2,3,5,235,3.33,At Risk
CUST-1379,Briana Thompson,Bronze,Batangas,In-Store,jacksonnatalie@example.net,723,2,1893.37,3,3,5,335,3.67,Loyal Customers
CUST-1274,Jeffrey Velasquez,Platinum,Davao,In-Store,whiterachel@example.com,931,1,1817.92,4,4,5,445,4.33,Champions
CUST-1211,John Solis MD,Bronze,Iloilo,In-Store,kellygabriel@example.net,915,1,1763.82,4,4,5,445,4.33,Champions
CUST-1226,Stephen Stafford,Gold,Iloilo,Both,alec50@example.com,819,1,1751.76,4,4,5,445,4.33,Champions
CUST-1133,John Little,Bronze,Davao,Online,daviskevin@example.org,909,1,1751.06,4,4,5,445,4.33,Champions
CUST-1253,David Peterson,Silver,Batangas,Both,tanyasmith@example.net,930,1,1741.16,4,4,5,445,4.33,Champions
CUST-1273,Elizabeth King,Bronze,Iloilo,In-Store,ingramraymond@example.com,831,2,1725.96,4,3,5,435,4.0,Loyal Customers
CUST-1057,Theresa Nguyen,Silver,Laguna,Online,fitzpatrickalexis@example.org,931,1,1699.91,4,4,5,445,4.33,Champions
CUST-1185,Sharon Medina,Silver,Laguna,Both,samantha01@example.com,872,1,1667.41,4,4,5,445,4.33,Champions
CUST-1132,Andrew Brooks,Platinum,Batangas,Online,christina43@example.com,707,1,1663.96,3,4,5,345,4.0,Loyal Customers
CUST-1009,Joshua Roberts,Bronze,Batangas,In-Store,andrewtucker@example.org,521,1,1629.74,1,4,5,145,3.33,At Risk
CUST-1310,Christopher Cole,Gold,Iloilo,In-Store,jramos@example.org,998,1,1583.36,5,4,5,545,4.67,Champions
CUST-1135,Laura Taylor,Gold,Cebu,Online,martinjackson@example.net,902,1,1573.72,4,4,5,445,4.33,Champions
CUST-1043,John Smith,Platinum,Laguna,In-Store,stevensonmadison@example.com,991,1,1570.08,5,4,5,545,4.67,Champions
CUST-1187,Renee Richardson,Platinum,Batangas,Both,hernandezkeith@example.net,539,2,1562.12,1,3,5,135,3.0,At Risk
CUST-1108,Ryan Whitehead,Silver,Iloilo,Both,boonerandall@example.org,1092,1,1489.85,5,4,5,545,4.67,Champions
CUST-1177,Natalie Cruz,Gold,Batangas,Both,fadams@example.com,888,1,1485.12,4,4,5,445,4.33,Champions
CUST-1026,Brandon Harris,Bronze,Iloilo,Online,fperez@example.net,553,1,1426.75,1,4,5,145,3.33,At Risk
CUST-1102,Debbie Allen,Silver,Iloilo,Online,delacruztanner@example.org,1028,1,1354.5,5,4,5,545,4.67,Champions
CUST-1393,Felicia Park,Gold,Iloilo,Both,xsalas@example.net,675,1,1332.35,3,4,5,345,4.0,Loyal Customers
CUST-1147,Ashley Griffin,Bronze,Cebu,Both,ymoss@example.com,700,2,1275.19,3,3,5,335,3.67,Loyal Customers
CUST-1044,Brian Gomez,Silver,Cagayan de Oro,Both,scottrobert@example.com,856,1,1249.4,4,4,5,445,4.33,Champions
CUST-1254,Amanda Douglas,Silver,Cebu,Online,lfox@example.net,527,2,1227.14,1,3,5,135,3.0,At Risk
CUST-1047,James Richardson,Bronze,NCR,Both,curtishuynh@example.net,858,1,1204.29,4,4,5,445,4.33,Champions
CUST-1220,Mrs. Briana Martin DDS,Gold,Laguna,Both,nancybates@example.org,592,1,1195.16,2,4,5,245,3.67,At Risk
CUST-1349,Anita Norton,Gold,Cagayan de Oro,In-Store,dylanwalter@example.org,878,1,1179.56,4,4,5,445,4.33,Champions
CUST-1161,Holly Chen,Bronze,NCR,In-Store,cmcbride@example.net,1067,1,1166.23,5,4,5,545,4.67,Champions
CUST-1168,Ronald Morris,Platinum,Davao,Both,ashley89@example.net,807,1,1153.8,4,4,5,445,4.33,Champions
CUST-1006,Mary Hernandez,Platinum,Cagayan de Oro,Online,smithtodd@example.com,618,1,1093.21,2,4,5,245,3.67,At Risk
CUST-1255,James Franco,Gold,Laguna,In-Store,campbellaaron@example.org,894,1,1089.12,4,4,5,445,4.33,Champions
CUST-1204,Colin Heath,Silver,Laguna,Online,kathywebb@example.org,957,1,1088.16,5,4,5,545,4.67,Champions
CUST-1022,Brian Schultz,Platinum,NCR,Both,jameslittle@example.org,547,1,1058.47,1,4,5,145,3.33,At Risk
CUST-1347,Jessica Hall,Bronze,Cagayan de Oro,Both,kristenlowery@example.com,876,1,1052.14,4,4,5,445,4.33,Champions
CUST-1341,Brian Cook,Silver,Batangas,In-Store,ebryan@example.com,725,1,1023.45,3,4,5,345,4.0,Loyal Customers
CUST-1208,Jamie Smith,Bronze,Cagayan de Oro,Both,zwest@example.org,657,2,1013.3,2,3,5,235,3.33,At Risk
CUST-1152,Melanie Thompson,Silver,Pampanga,Both,morriscarla@example.net,531,2,961.96,1,3,5,135,3.0,At Risk
CUST-1003,Curtis Castro,Silver,Davao,Online,ilarson@example.org,818,1,931.23,4,4,5,445,4.33,Champions
CUST-1301,Steven Davis,Bronze,Laguna,In-Store,amberfields@example.org,1011,1,924.27,5,4,5,545,4.67,Champions
CUST-1181,Robert Sullivan,Gold,Batangas,Online,toddcunningham@example.net,1022,1,885.81,5,5,5,555,5.0,Champions
CUST-1098,Brenda Harris,Bronze,Cebu,In-Store,hbutler@example.net,1014,1,881.54,5,5,5,555,5.0,Champions
CUST-1176,Daniel Anderson,Bronze,Pampanga,In-Store,goodwinkelly@example.com,1117,1,824.08,5,5,5,555,5.0,Champions
CUST-1017,Maria Schneider,Bronze,Cebu,In-Store,matthew63@example.net,991,1,785.21,5,5,5,555,5.0,Champions
CUST-1094,Belinda Young,Platinum,Davao,In-Store,ncarr@example.org,751,1,779.38,3,5,5,355,4.33,Loyal Customers
CUST-1109,Tanya Washington,Gold,Batangas,Both,richardcampbell@example.com,949,1,744.04,5,5,5,555,5.0,Champions
CUST-1390,Olivia Bowers,Silver,Batangas,Online,johnalvarez@example.org,667,1,696.08,2,5,5,255,4.0,At Risk
CUST-1345,Jason Hurley,Silver,Cagayan de Oro,Online,jason46@example.net,980,1,587.03,5,5,5,555,5.0,Champions
CUST-1062,Thomas Wong,Platinum,Batangas,Both,gibbssteven@example.net,609,1,584.64,2,5,5,255,4.0,At Risk
CUST-1270,Kristopher Thomas,Bronze,NCR,Both,amanda52@example.net,979,1,579.81,5,5,5,555,5.0,Champions
CUST-1095,Stephanie Landry,Silver,Cagayan de Oro,Both,kelly46@example.net,1102,1,578.69,5,5,5,555,5.0,Champions
CUST-1156,Benjamin Lucas,Bronze,Davao,Both,velezjohn@example.org,711,1,551.05,3,5,5,355,4.33,Loyal Customers
CUST-1138,Luis Robinson,Bronze,Cebu,In-Store,nicole19@example.org,784,1,510.37,3,5,5,355,4.33,Loyal Customers
CUST-1076,Amanda Collins,Gold,Batangas,Online,sarah72@example.org,913,1,465.92,4,5,5,455,4.67,Champions
CUST-1376,Audrey Rodriguez,Bronze,Iloilo,Online,nolandoris@example.com,828,1,463.32,4,5,5,455,4.67,Champions
CUST-1322,Mark Rodriguez,Bronze,Laguna,Online,johndavis@example.org,642,1,450.95,2,5,5,255,4.0,At Risk
CUST-1316,Lawrence Santana,Bronze,Cebu,Online,mwilkerson@example.org,596,1,431.93,2,5,5,255,4.0,At Risk
CUST-1014,Manuel Sweeney,Gold,Iloilo,Both,colemegan@example.com,1149,1,410.98,5,5,5,555,5.0,Champions
CUST-1377,Katherine Smith,Gold,Davao,In-Store,eric67@example.org,641,1,398.2,2,5,5,255,4.0,At Risk
CUST-1063,Diamond Pena,Bronze,Cagayan de Oro,Both,gwilliams@example.org,910,1,349.36,4,5,5,455,4.67,Champions
CUST-1169,Marcus Jensen,Bronze,Laguna,Both,robert78@example.net,963,1,340.33,5,5,5,555,5.0,Champions
